"Subject","Group","Food","Rating","x1","x2"
1,"A",1,"0",1.52,-1.03
1,"A",2,"2",-0.66,4.26
1,"A",3,"-2",0.31,-2.57
1,"A",4,"-1",0.41,-1.47
1,"A",5,"2",0.52,0.97
1,"A",6,"2",-0.65,2.59
1,"A",7,"-2",1.1,-1.68
1,"A",8,"-2",-1.32,-0.91
1,"A",9,"2",1.14,0.26
1,"A",10,"2",0.48,3.48
1,"A",11,"2",2.61,0.44
1,"A",12,"0",-0.98,-0.26
1,"A",13,"-2",0.39,-2.52
1,"A",14,"2",-0.69,1.94
1,"A",15,"2",0.15,3.63
1,"A",16,"2",0.58,0.5
1,"A",17,"1",2.43,-0.46
1,"A",18,"1",0.24,-0.02
1,"A",19,"2",3.14,0.38
1,"A",20,"2",0.43,2.14
1,"A",21,"1",1.11,-0.45
1,"A",22,"2",1.65,2.75
1,"A",23,"2",0.41,3.11
1,"A",24,"2",0.25,1.66
1,"A",25,"-2",-0.44,-1.83
1,"A",26,"0",0.13,-0.43
1,"A",27,"1",0.99,-0.15
1,"A",28,"-2",0.79,-1.58
1,"A",29,"2",4.49,0.48
1,"A",30,"2",0.06,3.87
1,"A",31,"-2",1.29,-4
1,"A",32,"-1",0.65,-1.45
1,"A",33,"-2",-0.09,-1.33
1,"A",34,"-2",0.45,-2.88
1,"A",35,"2",-0.36,0.82
1,"A",36,"-2",0.65,-4.3
1,"A",37,"1",-1.01,0.51
1,"A",38,"2",0.96,3.45
1,"A",39,"1",-0.4,-0.01
1,"A",40,"1",0.8,-0.22
1,"A",41,"-1",1.91,-1.43
1,"A",42,"-2",-0.08,-1.49
1,"A",43,"2",1.54,0.31
1,"A",44,"0",1.2,-0.86
1,"A",45,"-1",-0.84,-0.89
1,"A",46,"1",0.99,-0.22
1,"A",47,"2",-0.5,1.07
1,"A",48,"2",0.96,3.02
1,"A",49,"2",0.78,4.92
1,"A",50,"-2",0.17,-2.51
1,"A",51,"2",1.5,0.38
1,"A",52,"0",1.32,-0.62
1,"A",53,"2",0.24,4.95
1,"A",54,"2",0.83,0.88
1,"A",55,"1",0.45,0.04
1,"A",56,"-2",-0.26,-4.64
1,"A",57,"0",0.78,-0.49
1,"A",58,"-2",-1.02,-3.57
1,"A",59,"-1",0.33,-1.28
1,"A",60,"2",-0.74,1.49
2,"A",1,"0",1.52,-1.03
2,"A",2,"2",-0.66,4.26
2,"A",3,"-2",0.31,-2.57
2,"A",4,"-2",0.41,-1.47
2,"A",5,"2",0.52,0.97
2,"A",6,"2",-0.65,2.59
2,"A",7,"-2",1.1,-1.68
2,"A",8,"-2",-1.32,-0.91
2,"A",9,"2",1.14,0.26
2,"A",10,"2",0.48,3.48
2,"A",11,"2",2.61,0.44
2,"A",12,"0",-0.98,-0.26
2,"A",13,"-2",0.39,-2.52
2,"A",14,"2",-0.69,1.94
2,"A",15,"2",0.15,3.63
2,"A",16,"2",0.58,0.5
2,"A",17,"2",2.43,-0.46
2,"A",18,"1",0.24,-0.02
2,"A",19,"2",3.14,0.38
2,"A",20,"2",0.43,2.14
2,"A",21,"1",1.11,-0.45
2,"A",22,"2",1.65,2.75
2,"A",23,"2",0.41,3.11
2,"A",24,"2",0.25,1.66
2,"A",25,"-2",-0.44,-1.83
2,"A",26,"0",0.13,-0.43
2,"A",27,"1",0.99,-0.15
2,"A",28,"-1",0.79,-1.58
2,"A",29,"2",4.49,0.48
2,"A",30,"2",0.06,3.87
2,"A",31,"-2",1.29,-4
2,"A",32,"-2",0.65,-1.45
2,"A",33,"-2",-0.09,-1.33
2,"A",34,"-2",0.45,-2.88
2,"A",35,"2",-0.36,0.82
2,"A",36,"-2",0.65,-4.3
2,"A",37,"1",-1.01,0.51
2,"A",38,"2",0.96,3.45
2,"A",39,"0",-0.4,-0.01
2,"A",40,"1",0.8,-0.22
2,"A",41,"-1",1.91,-1.43
2,"A",42,"-2",-0.08,-1.49
2,"A",43,"2",1.54,0.31
2,"A",44,"0",1.2,-0.86
2,"A",45,"-2",-0.84,-0.89
2,"A",46,"2",0.99,-0.22
2,"A",47,"2",-0.5,1.07
2,"A",48,"2",0.96,3.02
2,"A",49,"2",0.78,4.92
2,"A",50,"-2",0.17,-2.51
2,"A",51,"2",1.5,0.38
2,"A",52,"1",1.32,-0.62
2,"A",53,"2",0.24,4.95
2,"A",54,"2",0.83,0.88
2,"A",55,"1",0.45,0.04
2,"A",56,"-2",-0.26,-4.64
2,"A",57,"1",0.78,-0.49
2,"A",58,"-2",-1.02,-3.57
2,"A",59,"-1",0.33,-1.28
2,"A",60,"2",-0.74,1.49
3,"A",1,"-1",1.52,-1.03
3,"A",2,"2",-0.66,4.26
3,"A",3,"-2",0.31,-2.57
3,"A",4,"-2",0.41,-1.47
3,"A",5,"2",0.52,0.97
3,"A",6,"2",-0.65,2.59
3,"A",7,"-2",1.1,-1.68
3,"A",8,"-2",-1.32,-0.91
3,"A",9,"2",1.14,0.26
3,"A",10,"2",0.48,3.48
3,"A",11,"2",2.61,0.44
3,"A",12,"0",-0.98,-0.26
3,"A",13,"-2",0.39,-2.52
3,"A",14,"2",-0.69,1.94
3,"A",15,"2",0.15,3.63
3,"A",16,"2",0.58,0.5
3,"A",17,"1",2.43,-0.46
3,"A",18,"1",0.24,-0.02
3,"A",19,"2",3.14,0.38
3,"A",20,"2",0.43,2.14
3,"A",21,"0",1.11,-0.45
3,"A",22,"2",1.65,2.75
3,"A",23,"2",0.41,3.11
3,"A",24,"2",0.25,1.66
3,"A",25,"-2",-0.44,-1.83
3,"A",26,"0",0.13,-0.43
3,"A",27,"1",0.99,-0.15
3,"A",28,"-2",0.79,-1.58
3,"A",29,"2",4.49,0.48
3,"A",30,"2",0.06,3.87
3,"A",31,"-2",1.29,-4
3,"A",32,"-2",0.65,-1.45
3,"A",33,"-2",-0.09,-1.33
3,"A",34,"-2",0.45,-2.88
3,"A",35,"2",-0.36,0.82
3,"A",36,"-2",0.65,-4.3
3,"A",37,"2",-1.01,0.51
3,"A",38,"2",0.96,3.45
3,"A",39,"1",-0.4,-0.01
3,"A",40,"1",0.8,-0.22
3,"A",41,"-2",1.91,-1.43
3,"A",42,"-2",-0.08,-1.49
3,"A",43,"2",1.54,0.31
3,"A",44,"-1",1.2,-0.86
3,"A",45,"-1",-0.84,-0.89
3,"A",46,"1",0.99,-0.22
3,"A",47,"2",-0.5,1.07
3,"A",48,"2",0.96,3.02
3,"A",49,"2",0.78,4.92
3,"A",50,"-2",0.17,-2.51
3,"A",51,"2",1.5,0.38
3,"A",52,"0",1.32,-0.62
3,"A",53,"2",0.24,4.95
3,"A",54,"2",0.83,0.88
3,"A",55,"1",0.45,0.04
3,"A",56,"-2",-0.26,-4.64
3,"A",57,"0",0.78,-0.49
3,"A",58,"-2",-1.02,-3.57
3,"A",59,"-2",0.33,-1.28
3,"A",60,"2",-0.74,1.49
4,"A",1,"0",1.52,-1.03
4,"A",2,"2",-0.66,4.26
4,"A",3,"-2",0.31,-2.57
4,"A",4,"-2",0.41,-1.47
4,"A",5,"2",0.52,0.97
4,"A",6,"2",-0.65,2.59
4,"A",7,"-2",1.1,-1.68
4,"A",8,"-2",-1.32,-0.91
4,"A",9,"2",1.14,0.26
4,"A",10,"2",0.48,3.48
4,"A",11,"2",2.61,0.44
4,"A",12,"0",-0.98,-0.26
4,"A",13,"-2",0.39,-2.52
4,"A",14,"2",-0.69,1.94
4,"A",15,"2",0.15,3.63
4,"A",16,"2",0.58,0.5
4,"A",17,"1",2.43,-0.46
4,"A",18,"1",0.24,-0.02
4,"A",19,"2",3.14,0.38
4,"A",20,"2",0.43,2.14
4,"A",21,"1",1.11,-0.45
4,"A",22,"2",1.65,2.75
4,"A",23,"2",0.41,3.11
4,"A",24,"2",0.25,1.66
4,"A",25,"-2",-0.44,-1.83
4,"A",26,"0",0.13,-0.43
4,"A",27,"1",0.99,-0.15
4,"A",28,"-2",0.79,-1.58
4,"A",29,"2",4.49,0.48
4,"A",30,"2",0.06,3.87
4,"A",31,"-2",1.29,-4
4,"A",32,"-2",0.65,-1.45
4,"A",33,"-2",-0.09,-1.33
4,"A",34,"-2",0.45,-2.88
4,"A",35,"2",-0.36,0.82
4,"A",36,"-2",0.65,-4.3
4,"A",37,"1",-1.01,0.51
4,"A",38,"2",0.96,3.45
4,"A",39,"1",-0.4,-0.01
4,"A",40,"1",0.8,-0.22
4,"A",41,"-1",1.91,-1.43
4,"A",42,"-2",-0.08,-1.49
4,"A",43,"2",1.54,0.31
4,"A",44,"0",1.2,-0.86
4,"A",45,"-1",-0.84,-0.89
4,"A",46,"1",0.99,-0.22
4,"A",47,"2",-0.5,1.07
4,"A",48,"2",0.96,3.02
4,"A",49,"2",0.78,4.92
4,"A",50,"-2",0.17,-2.51
4,"A",51,"2",1.5,0.38
4,"A",52,"1",1.32,-0.62
4,"A",53,"2",0.24,4.95
4,"A",54,"2",0.83,0.88
4,"A",55,"2",0.45,0.04
4,"A",56,"-2",-0.26,-4.64
4,"A",57,"0",0.78,-0.49
4,"A",58,"-2",-1.02,-3.57
4,"A",59,"-2",0.33,-1.28
4,"A",60,"2",-0.74,1.49
5,"A",1,"0",1.52,-1.03
5,"A",2,"2",-0.66,4.26
5,"A",3,"-2",0.31,-2.57
5,"A",4,"-1",0.41,-1.47
5,"A",5,"2",0.52,0.97
5,"A",6,"2",-0.65,2.59
5,"A",7,"-2",1.1,-1.68
5,"A",8,"-1",-1.32,-0.91
5,"A",9,"2",1.14,0.26
5,"A",10,"2",0.48,3.48
5,"A",11,"2",2.61,0.44
5,"A",12,"0",-0.98,-0.26
5,"A",13,"-2",0.39,-2.52
5,"A",14,"2",-0.69,1.94
5,"A",15,"2",0.15,3.63
5,"A",16,"2",0.58,0.5
5,"A",17,"1",2.43,-0.46
5,"A",18,"1",0.24,-0.02
5,"A",19,"2",3.14,0.38
5,"A",20,"2",0.43,2.14
5,"A",21,"1",1.11,-0.45
5,"A",22,"2",1.65,2.75
5,"A",23,"2",0.41,3.11
5,"A",24,"2",0.25,1.66
5,"A",25,"-2",-0.44,-1.83
5,"A",26,"0",0.13,-0.43
5,"A",27,"1",0.99,-0.15
5,"A",28,"-1",0.79,-1.58
5,"A",29,"2",4.49,0.48
5,"A",30,"2",0.06,3.87
5,"A",31,"-2",1.29,-4
5,"A",32,"-1",0.65,-1.45
5,"A",33,"-1",-0.09,-1.33
5,"A",34,"-2",0.45,-2.88
5,"A",35,"2",-0.36,0.82
5,"A",36,"-2",0.65,-4.3
5,"A",37,"1",-1.01,0.51
5,"A",38,"2",0.96,3.45
5,"A",39,"1",-0.4,-0.01
5,"A",40,"1",0.8,-0.22
5,"A",41,"-1",1.91,-1.43
5,"A",42,"-2",-0.08,-1.49
5,"A",43,"2",1.54,0.31
5,"A",44,"0",1.2,-0.86
5,"A",45,"0",-0.84,-0.89
5,"A",46,"1",0.99,-0.22
5,"A",47,"2",-0.5,1.07
5,"A",48,"2",0.96,3.02
5,"A",49,"2",0.78,4.92
5,"A",50,"-2",0.17,-2.51
5,"A",51,"2",1.5,0.38
5,"A",52,"0",1.32,-0.62
5,"A",53,"2",0.24,4.95
5,"A",54,"2",0.83,0.88
5,"A",55,"1",0.45,0.04
5,"A",56,"-2",-0.26,-4.64
5,"A",57,"1",0.78,-0.49
5,"A",58,"-2",-1.02,-3.57
5,"A",59,"-1",0.33,-1.28
5,"A",60,"2",-0.74,1.49
6,"A",1,"1",1.52,-1.03
6,"A",2,"2",-0.66,4.26
6,"A",3,"-2",0.31,-2.57
6,"A",4,"-1",0.41,-1.47
6,"A",5,"2",0.52,0.97
6,"A",6,"2",-0.65,2.59
6,"A",7,"-1",1.1,-1.68
6,"A",8,"-2",-1.32,-0.91
6,"A",9,"2",1.14,0.26
6,"A",10,"2",0.48,3.48
6,"A",11,"2",2.61,0.44
6,"A",12,"0",-0.98,-0.26
6,"A",13,"-2",0.39,-2.52
6,"A",14,"2",-0.69,1.94
6,"A",15,"2",0.15,3.63
6,"A",16,"2",0.58,0.5
6,"A",17,"2",2.43,-0.46
6,"A",18,"1",0.24,-0.02
6,"A",19,"2",3.14,0.38
6,"A",20,"2",0.43,2.14
6,"A",21,"1",1.11,-0.45
6,"A",22,"2",1.65,2.75
6,"A",23,"2",0.41,3.11
6,"A",24,"2",0.25,1.66
6,"A",25,"-2",-0.44,-1.83
6,"A",26,"1",0.13,-0.43
6,"A",27,"1",0.99,-0.15
6,"A",28,"-1",0.79,-1.58
6,"A",29,"2",4.49,0.48
6,"A",30,"2",0.06,3.87
6,"A",31,"-2",1.29,-4
6,"A",32,"-1",0.65,-1.45
6,"A",33,"-1",-0.09,-1.33
6,"A",34,"-2",0.45,-2.88
6,"A",35,"2",-0.36,0.82
6,"A",36,"-2",0.65,-4.3
6,"A",37,"1",-1.01,0.51
6,"A",38,"2",0.96,3.45
6,"A",39,"1",-0.4,-0.01
6,"A",40,"1",0.8,-0.22
6,"A",41,"0",1.91,-1.43
6,"A",42,"-2",-0.08,-1.49
6,"A",43,"2",1.54,0.31
6,"A",44,"1",1.2,-0.86
6,"A",45,"-1",-0.84,-0.89
6,"A",46,"1",0.99,-0.22
6,"A",47,"2",-0.5,1.07
6,"A",48,"2",0.96,3.02
6,"A",49,"2",0.78,4.92
6,"A",50,"-2",0.17,-2.51
6,"A",51,"2",1.5,0.38
6,"A",52,"1",1.32,-0.62
6,"A",53,"2",0.24,4.95
6,"A",54,"2",0.83,0.88
6,"A",55,"1",0.45,0.04
6,"A",56,"-2",-0.26,-4.64
6,"A",57,"1",0.78,-0.49
6,"A",58,"-2",-1.02,-3.57
6,"A",59,"-1",0.33,-1.28
6,"A",60,"2",-0.74,1.49
7,"A",1,"0",1.52,-1.03
7,"A",2,"2",-0.66,4.26
7,"A",3,"-2",0.31,-2.57
7,"A",4,"-1",0.41,-1.47
7,"A",5,"2",0.52,0.97
7,"A",6,"2",-0.65,2.59
7,"A",7,"-2",1.1,-1.68
7,"A",8,"-1",-1.32,-0.91
7,"A",9,"2",1.14,0.26
7,"A",10,"2",0.48,3.48
7,"A",11,"2",2.61,0.44
7,"A",12,"0",-0.98,-0.26
7,"A",13,"-2",0.39,-2.52
7,"A",14,"2",-0.69,1.94
7,"A",15,"2",0.15,3.63
7,"A",16,"2",0.58,0.5
7,"A",17,"1",2.43,-0.46
7,"A",18,"1",0.24,-0.02
7,"A",19,"2",3.14,0.38
7,"A",20,"2",0.43,2.14
7,"A",21,"1",1.11,-0.45
7,"A",22,"2",1.65,2.75
7,"A",23,"2",0.41,3.11
7,"A",24,"2",0.25,1.66
7,"A",25,"-2",-0.44,-1.83
7,"A",26,"0",0.13,-0.43
7,"A",27,"1",0.99,-0.15
7,"A",28,"-1",0.79,-1.58
7,"A",29,"2",4.49,0.48
7,"A",30,"2",0.06,3.87
7,"A",31,"-2",1.29,-4
7,"A",32,"-2",0.65,-1.45
7,"A",33,"-1",-0.09,-1.33
7,"A",34,"-2",0.45,-2.88
7,"A",35,"2",-0.36,0.82
7,"A",36,"-2",0.65,-4.3
7,"A",37,"1",-1.01,0.51
7,"A",38,"2",0.96,3.45
7,"A",39,"1",-0.4,-0.01
7,"A",40,"1",0.8,-0.22
7,"A",41,"-1",1.91,-1.43
7,"A",42,"-2",-0.08,-1.49
7,"A",43,"2",1.54,0.31
7,"A",44,"0",1.2,-0.86
7,"A",45,"-1",-0.84,-0.89
7,"A",46,"1",0.99,-0.22
7,"A",47,"2",-0.5,1.07
7,"A",48,"2",0.96,3.02
7,"A",49,"2",0.78,4.92
7,"A",50,"-2",0.17,-2.51
7,"A",51,"2",1.5,0.38
7,"A",52,"0",1.32,-0.62
7,"A",53,"2",0.24,4.95
7,"A",54,"2",0.83,0.88
7,"A",55,"1",0.45,0.04
7,"A",56,"-2",-0.26,-4.64
7,"A",57,"0",0.78,-0.49
7,"A",58,"-2",-1.02,-3.57
7,"A",59,"-1",0.33,-1.28
7,"A",60,"2",-0.74,1.49
8,"A",1,"0",1.52,-1.03
8,"A",2,"2",-0.66,4.26
8,"A",3,"-2",0.31,-2.57
8,"A",4,"-1",0.41,-1.47
8,"A",5,"2",0.52,0.97
8,"A",6,"2",-0.65,2.59
8,"A",7,"-1",1.1,-1.68
8,"A",8,"-1",-1.32,-0.91
8,"A",9,"2",1.14,0.26
8,"A",10,"2",0.48,3.48
8,"A",11,"2",2.61,0.44
8,"A",12,"0",-0.98,-0.26
8,"A",13,"-2",0.39,-2.52
8,"A",14,"2",-0.69,1.94
8,"A",15,"2",0.15,3.63
8,"A",16,"2",0.58,0.5
8,"A",17,"1",2.43,-0.46
8,"A",18,"1",0.24,-0.02
8,"A",19,"2",3.14,0.38
8,"A",20,"2",0.43,2.14
8,"A",21,"1",1.11,-0.45
8,"A",22,"2",1.65,2.75
8,"A",23,"2",0.41,3.11
8,"A",24,"2",0.25,1.66
8,"A",25,"-2",-0.44,-1.83
8,"A",26,"0",0.13,-0.43
8,"A",27,"1",0.99,-0.15
8,"A",28,"-2",0.79,-1.58
8,"A",29,"2",4.49,0.48
8,"A",30,"2",0.06,3.87
8,"A",31,"-2",1.29,-4
8,"A",32,"-1",0.65,-1.45
8,"A",33,"-2",-0.09,-1.33
8,"A",34,"-2",0.45,-2.88
8,"A",35,"2",-0.36,0.82
8,"A",36,"-2",0.65,-4.3
8,"A",37,"1",-1.01,0.51
8,"A",38,"2",0.96,3.45
8,"A",39,"1",-0.4,-0.01
8,"A",40,"1",0.8,-0.22
8,"A",41,"-1",1.91,-1.43
8,"A",42,"-2",-0.08,-1.49
8,"A",43,"2",1.54,0.31
8,"A",44,"0",1.2,-0.86
8,"A",45,"-1",-0.84,-0.89
8,"A",46,"1",0.99,-0.22
8,"A",47,"2",-0.5,1.07
8,"A",48,"2",0.96,3.02
8,"A",49,"2",0.78,4.92
8,"A",50,"-2",0.17,-2.51
8,"A",51,"2",1.5,0.38
8,"A",52,"1",1.32,-0.62
8,"A",53,"2",0.24,4.95
8,"A",54,"2",0.83,0.88
8,"A",55,"1",0.45,0.04
8,"A",56,"-2",-0.26,-4.64
8,"A",57,"1",0.78,-0.49
8,"A",58,"-2",-1.02,-3.57
8,"A",59,"-1",0.33,-1.28
8,"A",60,"2",-0.74,1.49
9,"A",1,"0",1.52,-1.03
9,"A",2,"2",-0.66,4.26
9,"A",3,"-2",0.31,-2.57
9,"A",4,"-2",0.41,-1.47
9,"A",5,"2",0.52,0.97
9,"A",6,"2",-0.65,2.59
9,"A",7,"-2",1.1,-1.68
9,"A",8,"-2",-1.32,-0.91
9,"A",9,"2",1.14,0.26
9,"A",10,"2",0.48,3.48
9,"A",11,"2",2.61,0.44
9,"A",12,"0",-0.98,-0.26
9,"A",13,"-2",0.39,-2.52
9,"A",14,"2",-0.69,1.94
9,"A",15,"2",0.15,3.63
9,"A",16,"2",0.58,0.5
9,"A",17,"2",2.43,-0.46
9,"A",18,"1",0.24,-0.02
9,"A",19,"2",3.14,0.38
9,"A",20,"2",0.43,2.14
9,"A",21,"1",1.11,-0.45
9,"A",22,"2",1.65,2.75
9,"A",23,"2",0.41,3.11
9,"A",24,"2",0.25,1.66
9,"A",25,"-2",-0.44,-1.83
9,"A",26,"0",0.13,-0.43
9,"A",27,"1",0.99,-0.15
9,"A",28,"-2",0.79,-1.58
9,"A",29,"2",4.49,0.48
9,"A",30,"2",0.06,3.87
9,"A",31,"-2",1.29,-4
9,"A",32,"-2",0.65,-1.45
9,"A",33,"-2",-0.09,-1.33
9,"A",34,"-2",0.45,-2.88
9,"A",35,"2",-0.36,0.82
9,"A",36,"-2",0.65,-4.3
9,"A",37,"2",-1.01,0.51
9,"A",38,"2",0.96,3.45
9,"A",39,"1",-0.4,-0.01
9,"A",40,"1",0.8,-0.22
9,"A",41,"-1",1.91,-1.43
9,"A",42,"-2",-0.08,-1.49
9,"A",43,"2",1.54,0.31
9,"A",44,"0",1.2,-0.86
9,"A",45,"-2",-0.84,-0.89
9,"A",46,"1",0.99,-0.22
9,"A",47,"2",-0.5,1.07
9,"A",48,"2",0.96,3.02
9,"A",49,"2",0.78,4.92
9,"A",50,"-2",0.17,-2.51
9,"A",51,"2",1.5,0.38
9,"A",52,"0",1.32,-0.62
9,"A",53,"2",0.24,4.95
9,"A",54,"2",0.83,0.88
9,"A",55,"2",0.45,0.04
9,"A",56,"-2",-0.26,-4.64
9,"A",57,"0",0.78,-0.49
9,"A",58,"-2",-1.02,-3.57
9,"A",59,"-2",0.33,-1.28
9,"A",60,"2",-0.74,1.49
10,"A",1,"0",1.52,-1.03
10,"A",2,"2",-0.66,4.26
10,"A",3,"-2",0.31,-2.57
10,"A",4,"-2",0.41,-1.47
10,"A",5,"2",0.52,0.97
10,"A",6,"2",-0.65,2.59
10,"A",7,"-2",1.1,-1.68
10,"A",8,"-2",-1.32,-0.91
10,"A",9,"2",1.14,0.26
10,"A",10,"2",0.48,3.48
10,"A",11,"2",2.61,0.44
10,"A",12,"0",-0.98,-0.26
10,"A",13,"-2",0.39,-2.52
10,"A",14,"2",-0.69,1.94
10,"A",15,"2",0.15,3.63
10,"A",16,"2",0.58,0.5
10,"A",17,"1",2.43,-0.46
10,"A",18,"1",0.24,-0.02
10,"A",19,"2",3.14,0.38
10,"A",20,"2",0.43,2.14
10,"A",21,"1",1.11,-0.45
10,"A",22,"2",1.65,2.75
10,"A",23,"2",0.41,3.11
10,"A",24,"2",0.25,1.66
10,"A",25,"-2",-0.44,-1.83
10,"A",26,"0",0.13,-0.43
10,"A",27,"1",0.99,-0.15
10,"A",28,"-2",0.79,-1.58
10,"A",29,"2",4.49,0.48
10,"A",30,"2",0.06,3.87
10,"A",31,"-2",1.29,-4
10,"A",32,"-2",0.65,-1.45
10,"A",33,"-2",-0.09,-1.33
10,"A",34,"-2",0.45,-2.88
10,"A",35,"2",-0.36,0.82
10,"A",36,"-2",0.65,-4.3
10,"A",37,"2",-1.01,0.51
10,"A",38,"2",0.96,3.45
10,"A",39,"1",-0.4,-0.01
10,"A",40,"1",0.8,-0.22
10,"A",41,"-1",1.91,-1.43
10,"A",42,"-2",-0.08,-1.49
10,"A",43,"2",1.54,0.31
10,"A",44,"-1",1.2,-0.86
10,"A",45,"-1",-0.84,-0.89
10,"A",46,"1",0.99,-0.22
10,"A",47,"2",-0.5,1.07
10,"A",48,"2",0.96,3.02
10,"A",49,"2",0.78,4.92
10,"A",50,"-2",0.17,-2.51
10,"A",51,"2",1.5,0.38
10,"A",52,"1",1.32,-0.62
10,"A",53,"2",0.24,4.95
10,"A",54,"2",0.83,0.88
10,"A",55,"1",0.45,0.04
10,"A",56,"-2",-0.26,-4.64
10,"A",57,"1",0.78,-0.49
10,"A",58,"-2",-1.02,-3.57
10,"A",59,"-1",0.33,-1.28
10,"A",60,"2",-0.74,1.49
11,"A",1,"0",1.52,-1.03
11,"A",2,"2",-0.66,4.26
11,"A",3,"-2",0.31,-2.57
11,"A",4,"-1",0.41,-1.47
11,"A",5,"2",0.52,0.97
11,"A",6,"2",-0.65,2.59
11,"A",7,"-1",1.1,-1.68
11,"A",8,"-2",-1.32,-0.91
11,"A",9,"2",1.14,0.26
11,"A",10,"2",0.48,3.48
11,"A",11,"2",2.61,0.44
11,"A",12,"0",-0.98,-0.26
11,"A",13,"-2",0.39,-2.52
11,"A",14,"2",-0.69,1.94
11,"A",15,"2",0.15,3.63
11,"A",16,"2",0.58,0.5
11,"A",17,"2",2.43,-0.46
11,"A",18,"1",0.24,-0.02
11,"A",19,"2",3.14,0.38
11,"A",20,"2",0.43,2.14
11,"A",21,"1",1.11,-0.45
11,"A",22,"2",1.65,2.75
11,"A",23,"2",0.41,3.11
11,"A",24,"2",0.25,1.66
11,"A",25,"-2",-0.44,-1.83
11,"A",26,"0",0.13,-0.43
11,"A",27,"2",0.99,-0.15
11,"A",28,"-1",0.79,-1.58
11,"A",29,"2",4.49,0.48
11,"A",30,"2",0.06,3.87
11,"A",31,"-2",1.29,-4
11,"A",32,"-1",0.65,-1.45
11,"A",33,"-1",-0.09,-1.33
11,"A",34,"-2",0.45,-2.88
11,"A",35,"2",-0.36,0.82
11,"A",36,"-2",0.65,-4.3
11,"A",37,"1",-1.01,0.51
11,"A",38,"2",0.96,3.45
11,"A",39,"1",-0.4,-0.01
11,"A",40,"1",0.8,-0.22
11,"A",41,"0",1.91,-1.43
11,"A",42,"-2",-0.08,-1.49
11,"A",43,"2",1.54,0.31
11,"A",44,"1",1.2,-0.86
11,"A",45,"-1",-0.84,-0.89
11,"A",46,"1",0.99,-0.22
11,"A",47,"2",-0.5,1.07
11,"A",48,"2",0.96,3.02
11,"A",49,"2",0.78,4.92
11,"A",50,"-2",0.17,-2.51
11,"A",51,"2",1.5,0.38
11,"A",52,"1",1.32,-0.62
11,"A",53,"2",0.24,4.95
11,"A",54,"2",0.83,0.88
11,"A",55,"1",0.45,0.04
11,"A",56,"-2",-0.26,-4.64
11,"A",57,"1",0.78,-0.49
11,"A",58,"-2",-1.02,-3.57
11,"A",59,"-1",0.33,-1.28
11,"A",60,"2",-0.74,1.49
12,"A",1,"0",1.52,-1.03
12,"A",2,"2",-0.66,4.26
12,"A",3,"-2",0.31,-2.57
12,"A",4,"-2",0.41,-1.47
12,"A",5,"2",0.52,0.97
12,"A",6,"2",-0.65,2.59
12,"A",7,"-2",1.1,-1.68
12,"A",8,"-2",-1.32,-0.91
12,"A",9,"2",1.14,0.26
12,"A",10,"2",0.48,3.48
12,"A",11,"2",2.61,0.44
12,"A",12,"0",-0.98,-0.26
12,"A",13,"-2",0.39,-2.52
12,"A",14,"2",-0.69,1.94
12,"A",15,"2",0.15,3.63
12,"A",16,"2",0.58,0.5
12,"A",17,"1",2.43,-0.46
12,"A",18,"1",0.24,-0.02
12,"A",19,"2",3.14,0.38
12,"A",20,"2",0.43,2.14
12,"A",21,"0",1.11,-0.45
12,"A",22,"2",1.65,2.75
12,"A",23,"2",0.41,3.11
12,"A",24,"2",0.25,1.66
12,"A",25,"-2",-0.44,-1.83
12,"A",26,"0",0.13,-0.43
12,"A",27,"1",0.99,-0.15
12,"A",28,"-2",0.79,-1.58
12,"A",29,"2",4.49,0.48
12,"A",30,"2",0.06,3.87
12,"A",31,"-2",1.29,-4
12,"A",32,"-2",0.65,-1.45
12,"A",33,"-2",-0.09,-1.33
12,"A",34,"-2",0.45,-2.88
12,"A",35,"2",-0.36,0.82
12,"A",36,"-2",0.65,-4.3
12,"A",37,"1",-1.01,0.51
12,"A",38,"2",0.96,3.45
12,"A",39,"1",-0.4,-0.01
12,"A",40,"0",0.8,-0.22
12,"A",41,"-2",1.91,-1.43
12,"A",42,"-2",-0.08,-1.49
12,"A",43,"2",1.54,0.31
12,"A",44,"-1",1.2,-0.86
12,"A",45,"-2",-0.84,-0.89
12,"A",46,"1",0.99,-0.22
12,"A",47,"2",-0.5,1.07
12,"A",48,"2",0.96,3.02
12,"A",49,"2",0.78,4.92
12,"A",50,"-2",0.17,-2.51
12,"A",51,"2",1.5,0.38
12,"A",52,"0",1.32,-0.62
12,"A",53,"2",0.24,4.95
12,"A",54,"2",0.83,0.88
12,"A",55,"1",0.45,0.04
12,"A",56,"-2",-0.26,-4.64
12,"A",57,"0",0.78,-0.49
12,"A",58,"-2",-1.02,-3.57
12,"A",59,"-2",0.33,-1.28
12,"A",60,"2",-0.74,1.49
13,"A",1,"-1",1.52,-1.03
13,"A",2,"2",-0.66,4.26
13,"A",3,"-2",0.31,-2.57
13,"A",4,"-2",0.41,-1.47
13,"A",5,"2",0.52,0.97
13,"A",6,"2",-0.65,2.59
13,"A",7,"-2",1.1,-1.68
13,"A",8,"-2",-1.32,-0.91
13,"A",9,"2",1.14,0.26
13,"A",10,"2",0.48,3.48
13,"A",11,"2",2.61,0.44
13,"A",12,"0",-0.98,-0.26
13,"A",13,"-2",0.39,-2.52
13,"A",14,"2",-0.69,1.94
13,"A",15,"2",0.15,3.63
13,"A",16,"2",0.58,0.5
13,"A",17,"1",2.43,-0.46
13,"A",18,"1",0.24,-0.02
13,"A",19,"2",3.14,0.38
13,"A",20,"2",0.43,2.14
13,"A",21,"1",1.11,-0.45
13,"A",22,"2",1.65,2.75
13,"A",23,"2",0.41,3.11
13,"A",24,"2",0.25,1.66
13,"A",25,"-2",-0.44,-1.83
13,"A",26,"0",0.13,-0.43
13,"A",27,"1",0.99,-0.15
13,"A",28,"-2",0.79,-1.58
13,"A",29,"2",4.49,0.48
13,"A",30,"2",0.06,3.87
13,"A",31,"-2",1.29,-4
13,"A",32,"-2",0.65,-1.45
13,"A",33,"-2",-0.09,-1.33
13,"A",34,"-2",0.45,-2.88
13,"A",35,"2",-0.36,0.82
13,"A",36,"-2",0.65,-4.3
13,"A",37,"2",-1.01,0.51
13,"A",38,"2",0.96,3.45
13,"A",39,"1",-0.4,-0.01
13,"A",40,"1",0.8,-0.22
13,"A",41,"-1",1.91,-1.43
13,"A",42,"-2",-0.08,-1.49
13,"A",43,"2",1.54,0.31
13,"A",44,"0",1.2,-0.86
13,"A",45,"-2",-0.84,-0.89
13,"A",46,"1",0.99,-0.22
13,"A",47,"2",-0.5,1.07
13,"A",48,"2",0.96,3.02
13,"A",49,"2",0.78,4.92
13,"A",50,"-2",0.17,-2.51
13,"A",51,"2",1.5,0.38
13,"A",52,"1",1.32,-0.62
13,"A",53,"2",0.24,4.95
13,"A",54,"2",0.83,0.88
13,"A",55,"1",0.45,0.04
13,"A",56,"-2",-0.26,-4.64
13,"A",57,"0",0.78,-0.49
13,"A",58,"-2",-1.02,-3.57
13,"A",59,"-2",0.33,-1.28
13,"A",60,"2",-0.74,1.49
14,"A",1,"-1",1.52,-1.03
14,"A",2,"2",-0.66,4.26
14,"A",3,"-2",0.31,-2.57
14,"A",4,"-2",0.41,-1.47
14,"A",5,"2",0.52,0.97
14,"A",6,"2",-0.65,2.59
14,"A",7,"-2",1.1,-1.68
14,"A",8,"-2",-1.32,-0.91
14,"A",9,"2",1.14,0.26
14,"A",10,"2",0.48,3.48
14,"A",11,"2",2.61,0.44
14,"A",12,"0",-0.98,-0.26
14,"A",13,"-2",0.39,-2.52
14,"A",14,"2",-0.69,1.94
14,"A",15,"2",0.15,3.63
14,"A",16,"2",0.58,0.5
14,"A",17,"1",2.43,-0.46
14,"A",18,"1",0.24,-0.02
14,"A",19,"2",3.14,0.38
14,"A",20,"2",0.43,2.14
14,"A",21,"0",1.11,-0.45
14,"A",22,"2",1.65,2.75
14,"A",23,"2",0.41,3.11
14,"A",24,"2",0.25,1.66
14,"A",25,"-2",-0.44,-1.83
14,"A",26,"0",0.13,-0.43
14,"A",27,"1",0.99,-0.15
14,"A",28,"-2",0.79,-1.58
14,"A",29,"2",4.49,0.48
14,"A",30,"2",0.06,3.87
14,"A",31,"-2",1.29,-4
14,"A",32,"-2",0.65,-1.45
14,"A",33,"-2",-0.09,-1.33
14,"A",34,"-2",0.45,-2.88
14,"A",35,"2",-0.36,0.82
14,"A",36,"-2",0.65,-4.3
14,"A",37,"2",-1.01,0.51
14,"A",38,"2",0.96,3.45
14,"A",39,"1",-0.4,-0.01
14,"A",40,"1",0.8,-0.22
14,"A",41,"-2",1.91,-1.43
14,"A",42,"-2",-0.08,-1.49
14,"A",43,"2",1.54,0.31
14,"A",44,"0",1.2,-0.86
14,"A",45,"-2",-0.84,-0.89
14,"A",46,"1",0.99,-0.22
14,"A",47,"2",-0.5,1.07
14,"A",48,"2",0.96,3.02
14,"A",49,"2",0.78,4.92
14,"A",50,"-2",0.17,-2.51
14,"A",51,"2",1.5,0.38
14,"A",52,"0",1.32,-0.62
14,"A",53,"2",0.24,4.95
14,"A",54,"2",0.83,0.88
14,"A",55,"2",0.45,0.04
14,"A",56,"-2",-0.26,-4.64
14,"A",57,"0",0.78,-0.49
14,"A",58,"-2",-1.02,-3.57
14,"A",59,"-2",0.33,-1.28
14,"A",60,"2",-0.74,1.49
15,"A",1,"-1",1.52,-1.03
15,"A",2,"2",-0.66,4.26
15,"A",3,"-2",0.31,-2.57
15,"A",4,"-2",0.41,-1.47
15,"A",5,"2",0.52,0.97
15,"A",6,"2",-0.65,2.59
15,"A",7,"-2",1.1,-1.68
15,"A",8,"-2",-1.32,-0.91
15,"A",9,"2",1.14,0.26
15,"A",10,"2",0.48,3.48
15,"A",11,"2",2.61,0.44
15,"A",12,"0",-0.98,-0.26
15,"A",13,"-2",0.39,-2.52
15,"A",14,"2",-0.69,1.94
15,"A",15,"2",0.15,3.63
15,"A",16,"2",0.58,0.5
15,"A",17,"1",2.43,-0.46
15,"A",18,"1",0.24,-0.02
15,"A",19,"2",3.14,0.38
15,"A",20,"2",0.43,2.14
15,"A",21,"0",1.11,-0.45
15,"A",22,"2",1.65,2.75
15,"A",23,"2",0.41,3.11
15,"A",24,"2",0.25,1.66
15,"A",25,"-2",-0.44,-1.83
15,"A",26,"0",0.13,-0.43
15,"A",27,"1",0.99,-0.15
15,"A",28,"-2",0.79,-1.58
15,"A",29,"2",4.49,0.48
15,"A",30,"2",0.06,3.87
15,"A",31,"-2",1.29,-4
15,"A",32,"-2",0.65,-1.45
15,"A",33,"-2",-0.09,-1.33
15,"A",34,"-2",0.45,-2.88
15,"A",35,"2",-0.36,0.82
15,"A",36,"-2",0.65,-4.3
15,"A",37,"2",-1.01,0.51
15,"A",38,"2",0.96,3.45
15,"A",39,"1",-0.4,-0.01
15,"A",40,"1",0.8,-0.22
15,"A",41,"-2",1.91,-1.43
15,"A",42,"-2",-0.08,-1.49
15,"A",43,"2",1.54,0.31
15,"A",44,"0",1.2,-0.86
15,"A",45,"-2",-0.84,-0.89
15,"A",46,"1",0.99,-0.22
15,"A",47,"2",-0.5,1.07
15,"A",48,"2",0.96,3.02
15,"A",49,"2",0.78,4.92
15,"A",50,"-2",0.17,-2.51
15,"A",51,"2",1.5,0.38
15,"A",52,"0",1.32,-0.62
15,"A",53,"2",0.24,4.95
15,"A",54,"2",0.83,0.88
15,"A",55,"1",0.45,0.04
15,"A",56,"-2",-0.26,-4.64
15,"A",57,"0",0.78,-0.49
15,"A",58,"-2",-1.02,-3.57
15,"A",59,"-2",0.33,-1.28
15,"A",60,"2",-0.74,1.49
16,"A",1,"0",1.52,-1.03
16,"A",2,"2",-0.66,4.26
16,"A",3,"-2",0.31,-2.57
16,"A",4,"-2",0.41,-1.47
16,"A",5,"2",0.52,0.97
16,"A",6,"2",-0.65,2.59
16,"A",7,"-2",1.1,-1.68
16,"A",8,"-1",-1.32,-0.91
16,"A",9,"2",1.14,0.26
16,"A",10,"2",0.48,3.48
16,"A",11,"2",2.61,0.44
16,"A",12,"0",-0.98,-0.26
16,"A",13,"-2",0.39,-2.52
16,"A",14,"2",-0.69,1.94
16,"A",15,"2",0.15,3.63
16,"A",16,"2",0.58,0.5
16,"A",17,"1",2.43,-0.46
16,"A",18,"1",0.24,-0.02
16,"A",19,"2",3.14,0.38
16,"A",20,"2",0.43,2.14
16,"A",21,"1",1.11,-0.45
16,"A",22,"2",1.65,2.75
16,"A",23,"2",0.41,3.11
16,"A",24,"2",0.25,1.66
16,"A",25,"-2",-0.44,-1.83
16,"A",26,"0",0.13,-0.43
16,"A",27,"2",0.99,-0.15
16,"A",28,"-2",0.79,-1.58
16,"A",29,"2",4.49,0.48
16,"A",30,"2",0.06,3.87
16,"A",31,"-2",1.29,-4
16,"A",32,"-2",0.65,-1.45
16,"A",33,"-2",-0.09,-1.33
16,"A",34,"-2",0.45,-2.88
16,"A",35,"2",-0.36,0.82
16,"A",36,"-2",0.65,-4.3
16,"A",37,"2",-1.01,0.51
16,"A",38,"2",0.96,3.45
16,"A",39,"0",-0.4,-0.01
16,"A",40,"1",0.8,-0.22
16,"A",41,"-1",1.91,-1.43
16,"A",42,"-2",-0.08,-1.49
16,"A",43,"2",1.54,0.31
16,"A",44,"0",1.2,-0.86
16,"A",45,"-2",-0.84,-0.89
16,"A",46,"1",0.99,-0.22
16,"A",47,"2",-0.5,1.07
16,"A",48,"2",0.96,3.02
16,"A",49,"2",0.78,4.92
16,"A",50,"-2",0.17,-2.51
16,"A",51,"2",1.5,0.38
16,"A",52,"1",1.32,-0.62
16,"A",53,"2",0.24,4.95
16,"A",54,"2",0.83,0.88
16,"A",55,"2",0.45,0.04
16,"A",56,"-2",-0.26,-4.64
16,"A",57,"0",0.78,-0.49
16,"A",58,"-2",-1.02,-3.57
16,"A",59,"-2",0.33,-1.28
16,"A",60,"2",-0.74,1.49
17,"A",1,"-1",1.52,-1.03
17,"A",2,"2",-0.66,4.26
17,"A",3,"-2",0.31,-2.57
17,"A",4,"-2",0.41,-1.47
17,"A",5,"2",0.52,0.97
17,"A",6,"2",-0.65,2.59
17,"A",7,"-2",1.1,-1.68
17,"A",8,"-1",-1.32,-0.91
17,"A",9,"2",1.14,0.26
17,"A",10,"2",0.48,3.48
17,"A",11,"2",2.61,0.44
17,"A",12,"0",-0.98,-0.26
17,"A",13,"-2",0.39,-2.52
17,"A",14,"2",-0.69,1.94
17,"A",15,"2",0.15,3.63
17,"A",16,"2",0.58,0.5
17,"A",17,"1",2.43,-0.46
17,"A",18,"1",0.24,-0.02
17,"A",19,"2",3.14,0.38
17,"A",20,"2",0.43,2.14
17,"A",21,"0",1.11,-0.45
17,"A",22,"2",1.65,2.75
17,"A",23,"2",0.41,3.11
17,"A",24,"2",0.25,1.66
17,"A",25,"-2",-0.44,-1.83
17,"A",26,"0",0.13,-0.43
17,"A",27,"1",0.99,-0.15
17,"A",28,"-2",0.79,-1.58
17,"A",29,"2",4.49,0.48
17,"A",30,"2",0.06,3.87
17,"A",31,"-2",1.29,-4
17,"A",32,"-2",0.65,-1.45
17,"A",33,"-2",-0.09,-1.33
17,"A",34,"-2",0.45,-2.88
17,"A",35,"2",-0.36,0.82
17,"A",36,"-2",0.65,-4.3
17,"A",37,"2",-1.01,0.51
17,"A",38,"2",0.96,3.45
17,"A",39,"1",-0.4,-0.01
17,"A",40,"1",0.8,-0.22
17,"A",41,"-2",1.91,-1.43
17,"A",42,"-2",-0.08,-1.49
17,"A",43,"2",1.54,0.31
17,"A",44,"-1",1.2,-0.86
17,"A",45,"-1",-0.84,-0.89
17,"A",46,"1",0.99,-0.22
17,"A",47,"2",-0.5,1.07
17,"A",48,"2",0.96,3.02
17,"A",49,"2",0.78,4.92
17,"A",50,"-2",0.17,-2.51
17,"A",51,"2",1.5,0.38
17,"A",52,"0",1.32,-0.62
17,"A",53,"2",0.24,4.95
17,"A",54,"2",0.83,0.88
17,"A",55,"1",0.45,0.04
17,"A",56,"-2",-0.26,-4.64
17,"A",57,"1",0.78,-0.49
17,"A",58,"-2",-1.02,-3.57
17,"A",59,"-2",0.33,-1.28
17,"A",60,"2",-0.74,1.49
18,"A",1,"1",1.52,-1.03
18,"A",2,"2",-0.66,4.26
18,"A",3,"-2",0.31,-2.57
18,"A",4,"-1",0.41,-1.47
18,"A",5,"2",0.52,0.97
18,"A",6,"2",-0.65,2.59
18,"A",7,"0",1.1,-1.68
18,"A",8,"-2",-1.32,-0.91
18,"A",9,"2",1.14,0.26
18,"A",10,"2",0.48,3.48
18,"A",11,"2",2.61,0.44
18,"A",12,"-1",-0.98,-0.26
18,"A",13,"-2",0.39,-2.52
18,"A",14,"2",-0.69,1.94
18,"A",15,"2",0.15,3.63
18,"A",16,"2",0.58,0.5
18,"A",17,"2",2.43,-0.46
18,"A",18,"1",0.24,-0.02
18,"A",19,"2",3.14,0.38
18,"A",20,"2",0.43,2.14
18,"A",21,"1",1.11,-0.45
18,"A",22,"2",1.65,2.75
18,"A",23,"2",0.41,3.11
18,"A",24,"2",0.25,1.66
18,"A",25,"-2",-0.44,-1.83
18,"A",26,"1",0.13,-0.43
18,"A",27,"2",0.99,-0.15
18,"A",28,"-1",0.79,-1.58
18,"A",29,"2",4.49,0.48
18,"A",30,"2",0.06,3.87
18,"A",31,"-2",1.29,-4
18,"A",32,"-1",0.65,-1.45
18,"A",33,"-1",-0.09,-1.33
18,"A",34,"-2",0.45,-2.88
18,"A",35,"2",-0.36,0.82
18,"A",36,"-2",0.65,-4.3
18,"A",37,"1",-1.01,0.51
18,"A",38,"2",0.96,3.45
18,"A",39,"0",-0.4,-0.01
18,"A",40,"1",0.8,-0.22
18,"A",41,"0",1.91,-1.43
18,"A",42,"-1",-0.08,-1.49
18,"A",43,"2",1.54,0.31
18,"A",44,"0",1.2,-0.86
18,"A",45,"-1",-0.84,-0.89
18,"A",46,"1",0.99,-0.22
18,"A",47,"2",-0.5,1.07
18,"A",48,"2",0.96,3.02
18,"A",49,"2",0.78,4.92
18,"A",50,"-2",0.17,-2.51
18,"A",51,"2",1.5,0.38
18,"A",52,"1",1.32,-0.62
18,"A",53,"2",0.24,4.95
18,"A",54,"2",0.83,0.88
18,"A",55,"1",0.45,0.04
18,"A",56,"-2",-0.26,-4.64
18,"A",57,"1",0.78,-0.49
18,"A",58,"-2",-1.02,-3.57
18,"A",59,"-1",0.33,-1.28
18,"A",60,"2",-0.74,1.49
19,"A",1,"-1",1.52,-1.03
19,"A",2,"2",-0.66,4.26
19,"A",3,"-2",0.31,-2.57
19,"A",4,"-2",0.41,-1.47
19,"A",5,"2",0.52,0.97
19,"A",6,"2",-0.65,2.59
19,"A",7,"-2",1.1,-1.68
19,"A",8,"-1",-1.32,-0.91
19,"A",9,"2",1.14,0.26
19,"A",10,"2",0.48,3.48
19,"A",11,"2",2.61,0.44
19,"A",12,"0",-0.98,-0.26
19,"A",13,"-2",0.39,-2.52
19,"A",14,"2",-0.69,1.94
19,"A",15,"2",0.15,3.63
19,"A",16,"2",0.58,0.5
19,"A",17,"1",2.43,-0.46
19,"A",18,"1",0.24,-0.02
19,"A",19,"2",3.14,0.38
19,"A",20,"2",0.43,2.14
19,"A",21,"0",1.11,-0.45
19,"A",22,"2",1.65,2.75
19,"A",23,"2",0.41,3.11
19,"A",24,"2",0.25,1.66
19,"A",25,"-2",-0.44,-1.83
19,"A",26,"0",0.13,-0.43
19,"A",27,"1",0.99,-0.15
19,"A",28,"-2",0.79,-1.58
19,"A",29,"2",4.49,0.48
19,"A",30,"2",0.06,3.87
19,"A",31,"-2",1.29,-4
19,"A",32,"-2",0.65,-1.45
19,"A",33,"-2",-0.09,-1.33
19,"A",34,"-2",0.45,-2.88
19,"A",35,"2",-0.36,0.82
19,"A",36,"-2",0.65,-4.3
19,"A",37,"1",-1.01,0.51
19,"A",38,"2",0.96,3.45
19,"A",39,"1",-0.4,-0.01
19,"A",40,"1",0.8,-0.22
19,"A",41,"-1",1.91,-1.43
19,"A",42,"-2",-0.08,-1.49
19,"A",43,"2",1.54,0.31
19,"A",44,"-1",1.2,-0.86
19,"A",45,"-1",-0.84,-0.89
19,"A",46,"1",0.99,-0.22
19,"A",47,"2",-0.5,1.07
19,"A",48,"2",0.96,3.02
19,"A",49,"2",0.78,4.92
19,"A",50,"-2",0.17,-2.51
19,"A",51,"2",1.5,0.38
19,"A",52,"0",1.32,-0.62
19,"A",53,"2",0.24,4.95
19,"A",54,"2",0.83,0.88
19,"A",55,"1",0.45,0.04
19,"A",56,"-2",-0.26,-4.64
19,"A",57,"0",0.78,-0.49
19,"A",58,"-2",-1.02,-3.57
19,"A",59,"-2",0.33,-1.28
19,"A",60,"2",-0.74,1.49
20,"A",1,"-1",1.52,-1.03
20,"A",2,"2",-0.66,4.26
20,"A",3,"-2",0.31,-2.57
20,"A",4,"-2",0.41,-1.47
20,"A",5,"2",0.52,0.97
20,"A",6,"2",-0.65,2.59
20,"A",7,"-2",1.1,-1.68
20,"A",8,"-2",-1.32,-0.91
20,"A",9,"2",1.14,0.26
20,"A",10,"2",0.48,3.48
20,"A",11,"2",2.61,0.44
20,"A",12,"0",-0.98,-0.26
20,"A",13,"-2",0.39,-2.52
20,"A",14,"2",-0.69,1.94
20,"A",15,"2",0.15,3.63
20,"A",16,"2",0.58,0.5
20,"A",17,"1",2.43,-0.46
20,"A",18,"1",0.24,-0.02
20,"A",19,"2",3.14,0.38
20,"A",20,"2",0.43,2.14
20,"A",21,"1",1.11,-0.45
20,"A",22,"2",1.65,2.75
20,"A",23,"2",0.41,3.11
20,"A",24,"2",0.25,1.66
20,"A",25,"-2",-0.44,-1.83
20,"A",26,"0",0.13,-0.43
20,"A",27,"1",0.99,-0.15
20,"A",28,"-2",0.79,-1.58
20,"A",29,"2",4.49,0.48
20,"A",30,"2",0.06,3.87
20,"A",31,"-2",1.29,-4
20,"A",32,"-2",0.65,-1.45
20,"A",33,"-2",-0.09,-1.33
20,"A",34,"-2",0.45,-2.88
20,"A",35,"2",-0.36,0.82
20,"A",36,"-2",0.65,-4.3
20,"A",37,"2",-1.01,0.51
20,"A",38,"2",0.96,3.45
20,"A",39,"1",-0.4,-0.01
20,"A",40,"1",0.8,-0.22
20,"A",41,"-1",1.91,-1.43
20,"A",42,"-2",-0.08,-1.49
20,"A",43,"2",1.54,0.31
20,"A",44,"0",1.2,-0.86
20,"A",45,"-2",-0.84,-0.89
20,"A",46,"1",0.99,-0.22
20,"A",47,"2",-0.5,1.07
20,"A",48,"2",0.96,3.02
20,"A",49,"2",0.78,4.92
20,"A",50,"-2",0.17,-2.51
20,"A",51,"2",1.5,0.38
20,"A",52,"0",1.32,-0.62
20,"A",53,"2",0.24,4.95
20,"A",54,"2",0.83,0.88
20,"A",55,"1",0.45,0.04
20,"A",56,"-2",-0.26,-4.64
20,"A",57,"0",0.78,-0.49
20,"A",58,"-2",-1.02,-3.57
20,"A",59,"-1",0.33,-1.28
20,"A",60,"2",-0.74,1.49
1,"B",1,"2",1.52,-1.03
1,"B",2,"2",-0.66,4.26
1,"B",3,"-1",0.31,-2.57
1,"B",4,"0",0.41,-1.47
1,"B",5,"2",0.52,0.97
1,"B",6,"2",-0.65,2.59
1,"B",7,"1",1.1,-1.68
1,"B",8,"-1",-1.32,-0.91
1,"B",9,"2",1.14,0.26
1,"B",10,"2",0.48,3.48
1,"B",11,"2",2.61,0.44
1,"B",12,"0",-0.98,-0.26
1,"B",13,"-1",0.39,-2.52
1,"B",14,"1",-0.69,1.94
1,"B",15,"2",0.15,3.63
1,"B",16,"2",0.58,0.5
1,"B",17,"2",2.43,-0.46
1,"B",18,"1",0.24,-0.02
1,"B",19,"2",3.14,0.38
1,"B",20,"2",0.43,2.14
1,"B",21,"2",1.11,-0.45
1,"B",22,"2",1.65,2.75
1,"B",23,"2",0.41,3.11
1,"B",24,"2",0.25,1.66
1,"B",25,"-1",-0.44,-1.83
1,"B",26,"-1",0.13,-0.43
1,"B",27,"2",0.99,-0.15
1,"B",28,"1",0.79,-1.58
1,"B",29,"2",4.49,0.48
1,"B",30,"2",0.06,3.87
1,"B",31,"0",1.29,-4
1,"B",32,"0",0.65,-1.45
1,"B",33,"0",-0.09,-1.33
1,"B",34,"0",0.45,-2.88
1,"B",35,"1",-0.36,0.82
1,"B",36,"-2",0.65,-4.3
1,"B",37,"1",-1.01,0.51
1,"B",38,"2",0.96,3.45
1,"B",39,"1",-0.4,-0.01
1,"B",40,"2",0.8,-0.22
1,"B",41,"0",1.91,-1.43
1,"B",42,"0",-0.08,-1.49
1,"B",43,"2",1.54,0.31
1,"B",44,"1",1.2,-0.86
1,"B",45,"-1",-0.84,-0.89
1,"B",46,"2",0.99,-0.22
1,"B",47,"1",-0.5,1.07
1,"B",48,"2",0.96,3.02
1,"B",49,"2",0.78,4.92
1,"B",50,"0",0.17,-2.51
1,"B",51,"2",1.5,0.38
1,"B",52,"2",1.32,-0.62
1,"B",53,"2",0.24,4.95
1,"B",54,"2",0.83,0.88
1,"B",55,"1",0.45,0.04
1,"B",56,"-2",-0.26,-4.64
1,"B",57,"1",0.78,-0.49
1,"B",58,"-2",-1.02,-3.57
1,"B",59,"-1",0.33,-1.28
1,"B",60,"1",-0.74,1.49
2,"B",1,"2",1.52,-1.03
2,"B",2,"2",-0.66,4.26
2,"B",3,"-1",0.31,-2.57
2,"B",4,"0",0.41,-1.47
2,"B",5,"2",0.52,0.97
2,"B",6,"1",-0.65,2.59
2,"B",7,"0",1.1,-1.68
2,"B",8,"-2",-1.32,-0.91
2,"B",9,"2",1.14,0.26
2,"B",10,"2",0.48,3.48
2,"B",11,"2",2.61,0.44
2,"B",12,"0",-0.98,-0.26
2,"B",13,"-1",0.39,-2.52
2,"B",14,"1",-0.69,1.94
2,"B",15,"2",0.15,3.63
2,"B",16,"1",0.58,0.5
2,"B",17,"2",2.43,-0.46
2,"B",18,"1",0.24,-0.02
2,"B",19,"2",3.14,0.38
2,"B",20,"2",0.43,2.14
2,"B",21,"1",1.11,-0.45
2,"B",22,"2",1.65,2.75
2,"B",23,"2",0.41,3.11
2,"B",24,"2",0.25,1.66
2,"B",25,"-1",-0.44,-1.83
2,"B",26,"0",0.13,-0.43
2,"B",27,"2",0.99,-0.15
2,"B",28,"1",0.79,-1.58
2,"B",29,"2",4.49,0.48
2,"B",30,"2",0.06,3.87
2,"B",31,"-1",1.29,-4
2,"B",32,"1",0.65,-1.45
2,"B",33,"0",-0.09,-1.33
2,"B",34,"-1",0.45,-2.88
2,"B",35,"2",-0.36,0.82
2,"B",36,"-1",0.65,-4.3
2,"B",37,"-1",-1.01,0.51
2,"B",38,"2",0.96,3.45
2,"B",39,"2",-0.4,-0.01
2,"B",40,"2",0.8,-0.22
2,"B",41,"2",1.91,-1.43
2,"B",42,"0",-0.08,-1.49
2,"B",43,"2",1.54,0.31
2,"B",44,"1",1.2,-0.86
2,"B",45,"-1",-0.84,-0.89
2,"B",46,"1",0.99,-0.22
2,"B",47,"1",-0.5,1.07
2,"B",48,"2",0.96,3.02
2,"B",49,"2",0.78,4.92
2,"B",50,"-1",0.17,-2.51
2,"B",51,"2",1.5,0.38
2,"B",52,"2",1.32,-0.62
2,"B",53,"2",0.24,4.95
2,"B",54,"2",0.83,0.88
2,"B",55,"2",0.45,0.04
2,"B",56,"-2",-0.26,-4.64
2,"B",57,"0",0.78,-0.49
2,"B",58,"-2",-1.02,-3.57
2,"B",59,"1",0.33,-1.28
2,"B",60,"1",-0.74,1.49
3,"B",1,"2",1.52,-1.03
3,"B",2,"1",-0.66,4.26
3,"B",3,"1",0.31,-2.57
3,"B",4,"0",0.41,-1.47
3,"B",5,"1",0.52,0.97
3,"B",6,"0",-0.65,2.59
3,"B",7,"2",1.1,-1.68
3,"B",8,"-1",-1.32,-0.91
3,"B",9,"2",1.14,0.26
3,"B",10,"1",0.48,3.48
3,"B",11,"2",2.61,0.44
3,"B",12,"0",-0.98,-0.26
3,"B",13,"1",0.39,-2.52
3,"B",14,"0",-0.69,1.94
3,"B",15,"1",0.15,3.63
3,"B",16,"2",0.58,0.5
3,"B",17,"2",2.43,-0.46
3,"B",18,"1",0.24,-0.02
3,"B",19,"2",3.14,0.38
3,"B",20,"1",0.43,2.14
3,"B",21,"2",1.11,-0.45
3,"B",22,"2",1.65,2.75
3,"B",23,"1",0.41,3.11
3,"B",24,"1",0.25,1.66
3,"B",25,"0",-0.44,-1.83
3,"B",26,"1",0.13,-0.43
3,"B",27,"2",0.99,-0.15
3,"B",28,"1",0.79,-1.58
3,"B",29,"2",4.49,0.48
3,"B",30,"1",0.06,3.87
3,"B",31,"2",1.29,-4
3,"B",32,"1",0.65,-1.45
3,"B",33,"1",-0.09,-1.33
3,"B",34,"1",0.45,-2.88
3,"B",35,"-1",-0.36,0.82
3,"B",36,"2",0.65,-4.3
3,"B",37,"-1",-1.01,0.51
3,"B",38,"1",0.96,3.45
3,"B",39,"0",-0.4,-0.01
3,"B",40,"2",0.8,-0.22
3,"B",41,"2",1.91,-1.43
3,"B",42,"1",-0.08,-1.49
3,"B",43,"2",1.54,0.31
3,"B",44,"2",1.2,-0.86
3,"B",45,"0",-0.84,-0.89
3,"B",46,"2",0.99,-0.22
3,"B",47,"0",-0.5,1.07
3,"B",48,"2",0.96,3.02
3,"B",49,"2",0.78,4.92
3,"B",50,"1",0.17,-2.51
3,"B",51,"2",1.5,0.38
3,"B",52,"2",1.32,-0.62
3,"B",53,"1",0.24,4.95
3,"B",54,"2",0.83,0.88
3,"B",55,"1",0.45,0.04
3,"B",56,"-1",-0.26,-4.64
3,"B",57,"1",0.78,-0.49
3,"B",58,"-2",-1.02,-3.57
3,"B",59,"0",0.33,-1.28
3,"B",60,"0",-0.74,1.49
4,"B",1,"2",1.52,-1.03
4,"B",2,"2",-0.66,4.26
4,"B",3,"-1",0.31,-2.57
4,"B",4,"0",0.41,-1.47
4,"B",5,"2",0.52,0.97
4,"B",6,"2",-0.65,2.59
4,"B",7,"1",1.1,-1.68
4,"B",8,"-2",-1.32,-0.91
4,"B",9,"2",1.14,0.26
4,"B",10,"2",0.48,3.48
4,"B",11,"2",2.61,0.44
4,"B",12,"-1",-0.98,-0.26
4,"B",13,"-2",0.39,-2.52
4,"B",14,"2",-0.69,1.94
4,"B",15,"2",0.15,3.63
4,"B",16,"1",0.58,0.5
4,"B",17,"2",2.43,-0.46
4,"B",18,"1",0.24,-0.02
4,"B",19,"2",3.14,0.38
4,"B",20,"2",0.43,2.14
4,"B",21,"1",1.11,-0.45
4,"B",22,"2",1.65,2.75
4,"B",23,"2",0.41,3.11
4,"B",24,"2",0.25,1.66
4,"B",25,"-1",-0.44,-1.83
4,"B",26,"1",0.13,-0.43
4,"B",27,"1",0.99,-0.15
4,"B",28,"0",0.79,-1.58
4,"B",29,"2",4.49,0.48
4,"B",30,"2",0.06,3.87
4,"B",31,"-2",1.29,-4
4,"B",32,"0",0.65,-1.45
4,"B",33,"-1",-0.09,-1.33
4,"B",34,"-2",0.45,-2.88
4,"B",35,"2",-0.36,0.82
4,"B",36,"-2",0.65,-4.3
4,"B",37,"0",-1.01,0.51
4,"B",38,"2",0.96,3.45
4,"B",39,"0",-0.4,-0.01
4,"B",40,"2",0.8,-0.22
4,"B",41,"2",1.91,-1.43
4,"B",42,"-1",-0.08,-1.49
4,"B",43,"2",1.54,0.31
4,"B",44,"2",1.2,-0.86
4,"B",45,"-1",-0.84,-0.89
4,"B",46,"2",0.99,-0.22
4,"B",47,"2",-0.5,1.07
4,"B",48,"2",0.96,3.02
4,"B",49,"2",0.78,4.92
4,"B",50,"-1",0.17,-2.51
4,"B",51,"2",1.5,0.38
4,"B",52,"2",1.32,-0.62
4,"B",53,"2",0.24,4.95
4,"B",54,"2",0.83,0.88
4,"B",55,"1",0.45,0.04
4,"B",56,"-2",-0.26,-4.64
4,"B",57,"2",0.78,-0.49
4,"B",58,"-2",-1.02,-3.57
4,"B",59,"0",0.33,-1.28
4,"B",60,"0",-0.74,1.49
5,"B",1,"2",1.52,-1.03
5,"B",2,"2",-0.66,4.26
5,"B",3,"0",0.31,-2.57
5,"B",4,"1",0.41,-1.47
5,"B",5,"2",0.52,0.97
5,"B",6,"2",-0.65,2.59
5,"B",7,"1",1.1,-1.68
5,"B",8,"-1",-1.32,-0.91
5,"B",9,"2",1.14,0.26
5,"B",10,"2",0.48,3.48
5,"B",11,"2",2.61,0.44
5,"B",12,"1",-0.98,-0.26
5,"B",13,"-1",0.39,-2.52
5,"B",14,"1",-0.69,1.94
5,"B",15,"2",0.15,3.63
5,"B",16,"2",0.58,0.5
5,"B",17,"2",2.43,-0.46
5,"B",18,"2",0.24,-0.02
5,"B",19,"2",3.14,0.38
5,"B",20,"2",0.43,2.14
5,"B",21,"2",1.11,-0.45
5,"B",22,"2",1.65,2.75
5,"B",23,"2",0.41,3.11
5,"B",24,"2",0.25,1.66
5,"B",25,"-2",-0.44,-1.83
5,"B",26,"0",0.13,-0.43
5,"B",27,"2",0.99,-0.15
5,"B",28,"1",0.79,-1.58
5,"B",29,"2",4.49,0.48
5,"B",30,"2",0.06,3.87
5,"B",31,"0",1.29,-4
5,"B",32,"1",0.65,-1.45
5,"B",33,"0",-0.09,-1.33
5,"B",34,"0",0.45,-2.88
5,"B",35,"1",-0.36,0.82
5,"B",36,"-2",0.65,-4.3
5,"B",37,"0",-1.01,0.51
5,"B",38,"2",0.96,3.45
5,"B",39,"1",-0.4,-0.01
5,"B",40,"2",0.8,-0.22
5,"B",41,"2",1.91,-1.43
5,"B",42,"-1",-0.08,-1.49
5,"B",43,"2",1.54,0.31
5,"B",44,"1",1.2,-0.86
5,"B",45,"-1",-0.84,-0.89
5,"B",46,"2",0.99,-0.22
5,"B",47,"1",-0.5,1.07
5,"B",48,"2",0.96,3.02
5,"B",49,"2",0.78,4.92
5,"B",50,"-1",0.17,-2.51
5,"B",51,"2",1.5,0.38
5,"B",52,"2",1.32,-0.62
5,"B",53,"2",0.24,4.95
5,"B",54,"2",0.83,0.88
5,"B",55,"1",0.45,0.04
5,"B",56,"-2",-0.26,-4.64
5,"B",57,"1",0.78,-0.49
5,"B",58,"-2",-1.02,-3.57
5,"B",59,"1",0.33,-1.28
5,"B",60,"0",-0.74,1.49
6,"B",1,"2",1.52,-1.03
6,"B",2,"2",-0.66,4.26
6,"B",3,"0",0.31,-2.57
6,"B",4,"0",0.41,-1.47
6,"B",5,"2",0.52,0.97
6,"B",6,"1",-0.65,2.59
6,"B",7,"1",1.1,-1.68
6,"B",8,"-1",-1.32,-0.91
6,"B",9,"2",1.14,0.26
6,"B",10,"2",0.48,3.48
6,"B",11,"2",2.61,0.44
6,"B",12,"-1",-0.98,-0.26
6,"B",13,"1",0.39,-2.52
6,"B",14,"1",-0.69,1.94
6,"B",15,"2",0.15,3.63
6,"B",16,"1",0.58,0.5
6,"B",17,"2",2.43,-0.46
6,"B",18,"2",0.24,-0.02
6,"B",19,"2",3.14,0.38
6,"B",20,"2",0.43,2.14
6,"B",21,"2",1.11,-0.45
6,"B",22,"2",1.65,2.75
6,"B",23,"2",0.41,3.11
6,"B",24,"2",0.25,1.66
6,"B",25,"0",-0.44,-1.83
6,"B",26,"1",0.13,-0.43
6,"B",27,"2",0.99,-0.15
6,"B",28,"0",0.79,-1.58
6,"B",29,"2",4.49,0.48
6,"B",30,"2",0.06,3.87
6,"B",31,"0",1.29,-4
6,"B",32,"1",0.65,-1.45
6,"B",33,"0",-0.09,-1.33
6,"B",34,"0",0.45,-2.88
6,"B",35,"0",-0.36,0.82
6,"B",36,"-2",0.65,-4.3
6,"B",37,"0",-1.01,0.51
6,"B",38,"2",0.96,3.45
6,"B",39,"0",-0.4,-0.01
6,"B",40,"1",0.8,-0.22
6,"B",41,"2",1.91,-1.43
6,"B",42,"0",-0.08,-1.49
6,"B",43,"2",1.54,0.31
6,"B",44,"2",1.2,-0.86
6,"B",45,"0",-0.84,-0.89
6,"B",46,"2",0.99,-0.22
6,"B",47,"1",-0.5,1.07
6,"B",48,"2",0.96,3.02
6,"B",49,"2",0.78,4.92
6,"B",50,"0",0.17,-2.51
6,"B",51,"2",1.5,0.38
6,"B",52,"2",1.32,-0.62
6,"B",53,"2",0.24,4.95
6,"B",54,"2",0.83,0.88
6,"B",55,"1",0.45,0.04
6,"B",56,"-2",-0.26,-4.64
6,"B",57,"2",0.78,-0.49
6,"B",58,"-1",-1.02,-3.57
6,"B",59,"1",0.33,-1.28
6,"B",60,"0",-0.74,1.49
7,"B",1,"2",1.52,-1.03
7,"B",2,"2",-0.66,4.26
7,"B",3,"0",0.31,-2.57
7,"B",4,"1",0.41,-1.47
7,"B",5,"2",0.52,0.97
7,"B",6,"0",-0.65,2.59
7,"B",7,"1",1.1,-1.68
7,"B",8,"-1",-1.32,-0.91
7,"B",9,"2",1.14,0.26
7,"B",10,"2",0.48,3.48
7,"B",11,"2",2.61,0.44
7,"B",12,"0",-0.98,-0.26
7,"B",13,"0",0.39,-2.52
7,"B",14,"0",-0.69,1.94
7,"B",15,"2",0.15,3.63
7,"B",16,"1",0.58,0.5
7,"B",17,"2",2.43,-0.46
7,"B",18,"0",0.24,-0.02
7,"B",19,"2",3.14,0.38
7,"B",20,"1",0.43,2.14
7,"B",21,"1",1.11,-0.45
7,"B",22,"2",1.65,2.75
7,"B",23,"1",0.41,3.11
7,"B",24,"1",0.25,1.66
7,"B",25,"-1",-0.44,-1.83
7,"B",26,"1",0.13,-0.43
7,"B",27,"2",0.99,-0.15
7,"B",28,"1",0.79,-1.58
7,"B",29,"2",4.49,0.48
7,"B",30,"2",0.06,3.87
7,"B",31,"1",1.29,-4
7,"B",32,"1",0.65,-1.45
7,"B",33,"1",-0.09,-1.33
7,"B",34,"0",0.45,-2.88
7,"B",35,"1",-0.36,0.82
7,"B",36,"0",0.65,-4.3
7,"B",37,"1",-1.01,0.51
7,"B",38,"2",0.96,3.45
7,"B",39,"1",-0.4,-0.01
7,"B",40,"2",0.8,-0.22
7,"B",41,"2",1.91,-1.43
7,"B",42,"1",-0.08,-1.49
7,"B",43,"2",1.54,0.31
7,"B",44,"1",1.2,-0.86
7,"B",45,"0",-0.84,-0.89
7,"B",46,"2",0.99,-0.22
7,"B",47,"1",-0.5,1.07
7,"B",48,"2",0.96,3.02
7,"B",49,"2",0.78,4.92
7,"B",50,"1",0.17,-2.51
7,"B",51,"2",1.5,0.38
7,"B",52,"2",1.32,-0.62
7,"B",53,"1",0.24,4.95
7,"B",54,"2",0.83,0.88
7,"B",55,"1",0.45,0.04
7,"B",56,"1",-0.26,-4.64
7,"B",57,"1",0.78,-0.49
7,"B",58,"0",-1.02,-3.57
7,"B",59,"0",0.33,-1.28
7,"B",60,"1",-0.74,1.49
8,"B",1,"2",1.52,-1.03
8,"B",2,"2",-0.66,4.26
8,"B",3,"-1",0.31,-2.57
8,"B",4,"0",0.41,-1.47
8,"B",5,"2",0.52,0.97
8,"B",6,"2",-0.65,2.59
8,"B",7,"1",1.1,-1.68
8,"B",8,"-1",-1.32,-0.91
8,"B",9,"2",1.14,0.26
8,"B",10,"2",0.48,3.48
8,"B",11,"2",2.61,0.44
8,"B",12,"-1",-0.98,-0.26
8,"B",13,"-2",0.39,-2.52
8,"B",14,"1",-0.69,1.94
8,"B",15,"2",0.15,3.63
8,"B",16,"1",0.58,0.5
8,"B",17,"2",2.43,-0.46
8,"B",18,"0",0.24,-0.02
8,"B",19,"2",3.14,0.38
8,"B",20,"2",0.43,2.14
8,"B",21,"1",1.11,-0.45
8,"B",22,"2",1.65,2.75
8,"B",23,"2",0.41,3.11
8,"B",24,"2",0.25,1.66
8,"B",25,"-1",-0.44,-1.83
8,"B",26,"0",0.13,-0.43
8,"B",27,"1",0.99,-0.15
8,"B",28,"0",0.79,-1.58
8,"B",29,"2",4.49,0.48
8,"B",30,"2",0.06,3.87
8,"B",31,"-1",1.29,-4
8,"B",32,"0",0.65,-1.45
8,"B",33,"0",-0.09,-1.33
8,"B",34,"-1",0.45,-2.88
8,"B",35,"2",-0.36,0.82
8,"B",36,"-1",0.65,-4.3
8,"B",37,"-1",-1.01,0.51
8,"B",38,"2",0.96,3.45
8,"B",39,"0",-0.4,-0.01
8,"B",40,"2",0.8,-0.22
8,"B",41,"2",1.91,-1.43
8,"B",42,"0",-0.08,-1.49
8,"B",43,"2",1.54,0.31
8,"B",44,"1",1.2,-0.86
8,"B",45,"-2",-0.84,-0.89
8,"B",46,"1",0.99,-0.22
8,"B",47,"1",-0.5,1.07
8,"B",48,"2",0.96,3.02
8,"B",49,"2",0.78,4.92
8,"B",50,"-1",0.17,-2.51
8,"B",51,"2",1.5,0.38
8,"B",52,"2",1.32,-0.62
8,"B",53,"2",0.24,4.95
8,"B",54,"2",0.83,0.88
8,"B",55,"0",0.45,0.04
8,"B",56,"-2",-0.26,-4.64
8,"B",57,"1",0.78,-0.49
8,"B",58,"-2",-1.02,-3.57
8,"B",59,"0",0.33,-1.28
8,"B",60,"1",-0.74,1.49
9,"B",1,"1",1.52,-1.03
9,"B",2,"2",-0.66,4.26
9,"B",3,"0",0.31,-2.57
9,"B",4,"0",0.41,-1.47
9,"B",5,"2",0.52,0.97
9,"B",6,"2",-0.65,2.59
9,"B",7,"1",1.1,-1.68
9,"B",8,"-2",-1.32,-0.91
9,"B",9,"2",1.14,0.26
9,"B",10,"2",0.48,3.48
9,"B",11,"2",2.61,0.44
9,"B",12,"0",-0.98,-0.26
9,"B",13,"-1",0.39,-2.52
9,"B",14,"2",-0.69,1.94
9,"B",15,"2",0.15,3.63
9,"B",16,"2",0.58,0.5
9,"B",17,"2",2.43,-0.46
9,"B",18,"1",0.24,-0.02
9,"B",19,"2",3.14,0.38
9,"B",20,"2",0.43,2.14
9,"B",21,"1",1.11,-0.45
9,"B",22,"2",1.65,2.75
9,"B",23,"2",0.41,3.11
9,"B",24,"2",0.25,1.66
9,"B",25,"-1",-0.44,-1.83
9,"B",26,"0",0.13,-0.43
9,"B",27,"1",0.99,-0.15
9,"B",28,"0",0.79,-1.58
9,"B",29,"2",4.49,0.48
9,"B",30,"2",0.06,3.87
9,"B",31,"-2",1.29,-4
9,"B",32,"0",0.65,-1.45
9,"B",33,"-1",-0.09,-1.33
9,"B",34,"-1",0.45,-2.88
9,"B",35,"1",-0.36,0.82
9,"B",36,"-2",0.65,-4.3
9,"B",37,"0",-1.01,0.51
9,"B",38,"2",0.96,3.45
9,"B",39,"0",-0.4,-0.01
9,"B",40,"2",0.8,-0.22
9,"B",41,"1",1.91,-1.43
9,"B",42,"0",-0.08,-1.49
9,"B",43,"2",1.54,0.31
9,"B",44,"2",1.2,-0.86
9,"B",45,"-1",-0.84,-0.89
9,"B",46,"2",0.99,-0.22
9,"B",47,"2",-0.5,1.07
9,"B",48,"2",0.96,3.02
9,"B",49,"2",0.78,4.92
9,"B",50,"-1",0.17,-2.51
9,"B",51,"2",1.5,0.38
9,"B",52,"1",1.32,-0.62
9,"B",53,"2",0.24,4.95
9,"B",54,"2",0.83,0.88
9,"B",55,"1",0.45,0.04
9,"B",56,"-2",-0.26,-4.64
9,"B",57,"2",0.78,-0.49
9,"B",58,"-2",-1.02,-3.57
9,"B",59,"1",0.33,-1.28
9,"B",60,"1",-0.74,1.49
10,"B",1,"2",1.52,-1.03
10,"B",2,"2",-0.66,4.26
10,"B",3,"-1",0.31,-2.57
10,"B",4,"0",0.41,-1.47
10,"B",5,"2",0.52,0.97
10,"B",6,"2",-0.65,2.59
10,"B",7,"2",1.1,-1.68
10,"B",8,"0",-1.32,-0.91
10,"B",9,"2",1.14,0.26
10,"B",10,"2",0.48,3.48
10,"B",11,"2",2.61,0.44
10,"B",12,"-1",-0.98,-0.26
10,"B",13,"0",0.39,-2.52
10,"B",14,"1",-0.69,1.94
10,"B",15,"2",0.15,3.63
10,"B",16,"1",0.58,0.5
10,"B",17,"2",2.43,-0.46
10,"B",18,"1",0.24,-0.02
10,"B",19,"2",3.14,0.38
10,"B",20,"2",0.43,2.14
10,"B",21,"1",1.11,-0.45
10,"B",22,"2",1.65,2.75
10,"B",23,"2",0.41,3.11
10,"B",24,"2",0.25,1.66
10,"B",25,"-1",-0.44,-1.83
10,"B",26,"1",0.13,-0.43
10,"B",27,"2",0.99,-0.15
10,"B",28,"0",0.79,-1.58
10,"B",29,"2",4.49,0.48
10,"B",30,"2",0.06,3.87
10,"B",31,"0",1.29,-4
10,"B",32,"0",0.65,-1.45
10,"B",33,"-1",-0.09,-1.33
10,"B",34,"0",0.45,-2.88
10,"B",35,"0",-0.36,0.82
10,"B",36,"-1",0.65,-4.3
10,"B",37,"0",-1.01,0.51
10,"B",38,"2",0.96,3.45
10,"B",39,"0",-0.4,-0.01
10,"B",40,"1",0.8,-0.22
10,"B",41,"1",1.91,-1.43
10,"B",42,"0",-0.08,-1.49
10,"B",43,"2",1.54,0.31
10,"B",44,"1",1.2,-0.86
10,"B",45,"-1",-0.84,-0.89
10,"B",46,"2",0.99,-0.22
10,"B",47,"1",-0.5,1.07
10,"B",48,"2",0.96,3.02
10,"B",49,"2",0.78,4.92
10,"B",50,"0",0.17,-2.51
10,"B",51,"2",1.5,0.38
10,"B",52,"1",1.32,-0.62
10,"B",53,"2",0.24,4.95
10,"B",54,"1",0.83,0.88
10,"B",55,"2",0.45,0.04
10,"B",56,"-2",-0.26,-4.64
10,"B",57,"1",0.78,-0.49
10,"B",58,"-2",-1.02,-3.57
10,"B",59,"0",0.33,-1.28
10,"B",60,"1",-0.74,1.49
11,"B",1,"2",1.52,-1.03
11,"B",2,"2",-0.66,4.26
11,"B",3,"-1",0.31,-2.57
11,"B",4,"0",0.41,-1.47
11,"B",5,"2",0.52,0.97
11,"B",6,"2",-0.65,2.59
11,"B",7,"0",1.1,-1.68
11,"B",8,"-1",-1.32,-0.91
11,"B",9,"2",1.14,0.26
11,"B",10,"2",0.48,3.48
11,"B",11,"2",2.61,0.44
11,"B",12,"-1",-0.98,-0.26
11,"B",13,"0",0.39,-2.52
11,"B",14,"1",-0.69,1.94
11,"B",15,"2",0.15,3.63
11,"B",16,"1",0.58,0.5
11,"B",17,"2",2.43,-0.46
11,"B",18,"1",0.24,-0.02
11,"B",19,"2",3.14,0.38
11,"B",20,"2",0.43,2.14
11,"B",21,"1",1.11,-0.45
11,"B",22,"2",1.65,2.75
11,"B",23,"2",0.41,3.11
11,"B",24,"2",0.25,1.66
11,"B",25,"-1",-0.44,-1.83
11,"B",26,"1",0.13,-0.43
11,"B",27,"2",0.99,-0.15
11,"B",28,"1",0.79,-1.58
11,"B",29,"2",4.49,0.48
11,"B",30,"2",0.06,3.87
11,"B",31,"-1",1.29,-4
11,"B",32,"0",0.65,-1.45
11,"B",33,"0",-0.09,-1.33
11,"B",34,"-2",0.45,-2.88
11,"B",35,"2",-0.36,0.82
11,"B",36,"-1",0.65,-4.3
11,"B",37,"0",-1.01,0.51
11,"B",38,"2",0.96,3.45
11,"B",39,"0",-0.4,-0.01
11,"B",40,"1",0.8,-0.22
11,"B",41,"2",1.91,-1.43
11,"B",42,"0",-0.08,-1.49
11,"B",43,"2",1.54,0.31
11,"B",44,"1",1.2,-0.86
11,"B",45,"-1",-0.84,-0.89
11,"B",46,"2",0.99,-0.22
11,"B",47,"2",-0.5,1.07
11,"B",48,"2",0.96,3.02
11,"B",49,"2",0.78,4.92
11,"B",50,"-1",0.17,-2.51
11,"B",51,"2",1.5,0.38
11,"B",52,"2",1.32,-0.62
11,"B",53,"2",0.24,4.95
11,"B",54,"2",0.83,0.88
11,"B",55,"2",0.45,0.04
11,"B",56,"-2",-0.26,-4.64
11,"B",57,"1",0.78,-0.49
11,"B",58,"-2",-1.02,-3.57
11,"B",59,"0",0.33,-1.28
11,"B",60,"1",-0.74,1.49
12,"B",1,"2",1.52,-1.03
12,"B",2,"-2",-0.66,4.26
12,"B",3,"2",0.31,-2.57
12,"B",4,"2",0.41,-1.47
12,"B",5,"1",0.52,0.97
12,"B",6,"-1",-0.65,2.59
12,"B",7,"2",1.1,-1.68
12,"B",8,"0",-1.32,-0.91
12,"B",9,"2",1.14,0.26
12,"B",10,"0",0.48,3.48
12,"B",11,"2",2.61,0.44
12,"B",12,"0",-0.98,-0.26
12,"B",13,"2",0.39,-2.52
12,"B",14,"-1",-0.69,1.94
12,"B",15,"-1",0.15,3.63
12,"B",16,"0",0.58,0.5
12,"B",17,"2",2.43,-0.46
12,"B",18,"0",0.24,-0.02
12,"B",19,"2",3.14,0.38
12,"B",20,"0",0.43,2.14
12,"B",21,"2",1.11,-0.45
12,"B",22,"1",1.65,2.75
12,"B",23,"-1",0.41,3.11
12,"B",24,"0",0.25,1.66
12,"B",25,"1",-0.44,-1.83
12,"B",26,"0",0.13,-0.43
12,"B",27,"2",0.99,-0.15
12,"B",28,"2",0.79,-1.58
12,"B",29,"2",4.49,0.48
12,"B",30,"-1",0.06,3.87
12,"B",31,"2",1.29,-4
12,"B",32,"2",0.65,-1.45
12,"B",33,"2",-0.09,-1.33
12,"B",34,"2",0.45,-2.88
12,"B",35,"0",-0.36,0.82
12,"B",36,"2",0.65,-4.3
12,"B",37,"-1",-1.01,0.51
12,"B",38,"0",0.96,3.45
12,"B",39,"1",-0.4,-0.01
12,"B",40,"1",0.8,-0.22
12,"B",41,"2",1.91,-1.43
12,"B",42,"2",-0.08,-1.49
12,"B",43,"2",1.54,0.31
12,"B",44,"2",1.2,-0.86
12,"B",45,"0",-0.84,-0.89
12,"B",46,"1",0.99,-0.22
12,"B",47,"-1",-0.5,1.07
12,"B",48,"0",0.96,3.02
12,"B",49,"-1",0.78,4.92
12,"B",50,"2",0.17,-2.51
12,"B",51,"2",1.5,0.38
12,"B",52,"2",1.32,-0.62
12,"B",53,"-1",0.24,4.95
12,"B",54,"1",0.83,0.88
12,"B",55,"0",0.45,0.04
12,"B",56,"2",-0.26,-4.64
12,"B",57,"2",0.78,-0.49
12,"B",58,"1",-1.02,-3.57
12,"B",59,"2",0.33,-1.28
12,"B",60,"-1",-0.74,1.49
13,"B",1,"2",1.52,-1.03
13,"B",2,"1",-0.66,4.26
13,"B",3,"0",0.31,-2.57
13,"B",4,"1",0.41,-1.47
13,"B",5,"2",0.52,0.97
13,"B",6,"1",-0.65,2.59
13,"B",7,"2",1.1,-1.68
13,"B",8,"-2",-1.32,-0.91
13,"B",9,"2",1.14,0.26
13,"B",10,"2",0.48,3.48
13,"B",11,"2",2.61,0.44
13,"B",12,"0",-0.98,-0.26
13,"B",13,"1",0.39,-2.52
13,"B",14,"1",-0.69,1.94
13,"B",15,"2",0.15,3.63
13,"B",16,"2",0.58,0.5
13,"B",17,"2",2.43,-0.46
13,"B",18,"0",0.24,-0.02
13,"B",19,"2",3.14,0.38
13,"B",20,"1",0.43,2.14
13,"B",21,"2",1.11,-0.45
13,"B",22,"2",1.65,2.75
13,"B",23,"2",0.41,3.11
13,"B",24,"2",0.25,1.66
13,"B",25,"0",-0.44,-1.83
13,"B",26,"0",0.13,-0.43
13,"B",27,"2",0.99,-0.15
13,"B",28,"1",0.79,-1.58
13,"B",29,"2",4.49,0.48
13,"B",30,"2",0.06,3.87
13,"B",31,"1",1.29,-4
13,"B",32,"1",0.65,-1.45
13,"B",33,"0",-0.09,-1.33
13,"B",34,"0",0.45,-2.88
13,"B",35,"1",-0.36,0.82
13,"B",36,"0",0.65,-4.3
13,"B",37,"1",-1.01,0.51
13,"B",38,"2",0.96,3.45
13,"B",39,"1",-0.4,-0.01
13,"B",40,"2",0.8,-0.22
13,"B",41,"2",1.91,-1.43
13,"B",42,"0",-0.08,-1.49
13,"B",43,"2",1.54,0.31
13,"B",44,"1",1.2,-0.86
13,"B",45,"-1",-0.84,-0.89
13,"B",46,"2",0.99,-0.22
13,"B",47,"0",-0.5,1.07
13,"B",48,"2",0.96,3.02
13,"B",49,"2",0.78,4.92
13,"B",50,"0",0.17,-2.51
13,"B",51,"2",1.5,0.38
13,"B",52,"2",1.32,-0.62
13,"B",53,"2",0.24,4.95
13,"B",54,"2",0.83,0.88
13,"B",55,"1",0.45,0.04
13,"B",56,"-2",-0.26,-4.64
13,"B",57,"2",0.78,-0.49
13,"B",58,"-2",-1.02,-3.57
13,"B",59,"2",0.33,-1.28
13,"B",60,"0",-0.74,1.49
14,"B",1,"1",1.52,-1.03
14,"B",2,"2",-0.66,4.26
14,"B",3,"-2",0.31,-2.57
14,"B",4,"0",0.41,-1.47
14,"B",5,"2",0.52,0.97
14,"B",6,"2",-0.65,2.59
14,"B",7,"1",1.1,-1.68
14,"B",8,"-2",-1.32,-0.91
14,"B",9,"2",1.14,0.26
14,"B",10,"2",0.48,3.48
14,"B",11,"2",2.61,0.44
14,"B",12,"0",-0.98,-0.26
14,"B",13,"-1",0.39,-2.52
14,"B",14,"1",-0.69,1.94
14,"B",15,"2",0.15,3.63
14,"B",16,"1",0.58,0.5
14,"B",17,"2",2.43,-0.46
14,"B",18,"2",0.24,-0.02
14,"B",19,"2",3.14,0.38
14,"B",20,"2",0.43,2.14
14,"B",21,"2",1.11,-0.45
14,"B",22,"2",1.65,2.75
14,"B",23,"2",0.41,3.11
14,"B",24,"2",0.25,1.66
14,"B",25,"-2",-0.44,-1.83
14,"B",26,"1",0.13,-0.43
14,"B",27,"2",0.99,-0.15
14,"B",28,"-1",0.79,-1.58
14,"B",29,"2",4.49,0.48
14,"B",30,"2",0.06,3.87
14,"B",31,"-2",1.29,-4
14,"B",32,"0",0.65,-1.45
14,"B",33,"-1",-0.09,-1.33
14,"B",34,"-1",0.45,-2.88
14,"B",35,"2",-0.36,0.82
14,"B",36,"-2",0.65,-4.3
14,"B",37,"0",-1.01,0.51
14,"B",38,"2",0.96,3.45
14,"B",39,"1",-0.4,-0.01
14,"B",40,"1",0.8,-0.22
14,"B",41,"2",1.91,-1.43
14,"B",42,"-1",-0.08,-1.49
14,"B",43,"2",1.54,0.31
14,"B",44,"2",1.2,-0.86
14,"B",45,"-1",-0.84,-0.89
14,"B",46,"2",0.99,-0.22
14,"B",47,"1",-0.5,1.07
14,"B",48,"2",0.96,3.02
14,"B",49,"2",0.78,4.92
14,"B",50,"-1",0.17,-2.51
14,"B",51,"2",1.5,0.38
14,"B",52,"2",1.32,-0.62
14,"B",53,"2",0.24,4.95
14,"B",54,"2",0.83,0.88
14,"B",55,"0",0.45,0.04
14,"B",56,"-2",-0.26,-4.64
14,"B",57,"1",0.78,-0.49
14,"B",58,"-2",-1.02,-3.57
14,"B",59,"0",0.33,-1.28
14,"B",60,"2",-0.74,1.49
15,"B",1,"2",1.52,-1.03
15,"B",2,"1",-0.66,4.26
15,"B",3,"1",0.31,-2.57
15,"B",4,"0",0.41,-1.47
15,"B",5,"2",0.52,0.97
15,"B",6,"1",-0.65,2.59
15,"B",7,"1",1.1,-1.68
15,"B",8,"0",-1.32,-0.91
15,"B",9,"1",1.14,0.26
15,"B",10,"2",0.48,3.48
15,"B",11,"2",2.61,0.44
15,"B",12,"-1",-0.98,-0.26
15,"B",13,"1",0.39,-2.52
15,"B",14,"0",-0.69,1.94
15,"B",15,"2",0.15,3.63
15,"B",16,"1",0.58,0.5
15,"B",17,"2",2.43,-0.46
15,"B",18,"0",0.24,-0.02
15,"B",19,"2",3.14,0.38
15,"B",20,"2",0.43,2.14
15,"B",21,"2",1.11,-0.45
15,"B",22,"2",1.65,2.75
15,"B",23,"2",0.41,3.11
15,"B",24,"2",0.25,1.66
15,"B",25,"1",-0.44,-1.83
15,"B",26,"1",0.13,-0.43
15,"B",27,"2",0.99,-0.15
15,"B",28,"1",0.79,-1.58
15,"B",29,"2",4.49,0.48
15,"B",30,"1",0.06,3.87
15,"B",31,"1",1.29,-4
15,"B",32,"1",0.65,-1.45
15,"B",33,"2",-0.09,-1.33
15,"B",34,"0",0.45,-2.88
15,"B",35,"1",-0.36,0.82
15,"B",36,"1",0.65,-4.3
15,"B",37,"0",-1.01,0.51
15,"B",38,"1",0.96,3.45
15,"B",39,"1",-0.4,-0.01
15,"B",40,"2",0.8,-0.22
15,"B",41,"2",1.91,-1.43
15,"B",42,"0",-0.08,-1.49
15,"B",43,"2",1.54,0.31
15,"B",44,"1",1.2,-0.86
15,"B",45,"-1",-0.84,-0.89
15,"B",46,"2",0.99,-0.22
15,"B",47,"1",-0.5,1.07
15,"B",48,"2",0.96,3.02
15,"B",49,"2",0.78,4.92
15,"B",50,"1",0.17,-2.51
15,"B",51,"2",1.5,0.38
15,"B",52,"2",1.32,-0.62
15,"B",53,"2",0.24,4.95
15,"B",54,"2",0.83,0.88
15,"B",55,"0",0.45,0.04
15,"B",56,"-1",-0.26,-4.64
15,"B",57,"1",0.78,-0.49
15,"B",58,"-1",-1.02,-3.57
15,"B",59,"1",0.33,-1.28
15,"B",60,"1",-0.74,1.49
16,"B",1,"1",1.52,-1.03
16,"B",2,"1",-0.66,4.26
16,"B",3,"2",0.31,-2.57
16,"B",4,"0",0.41,-1.47
16,"B",5,"2",0.52,0.97
16,"B",6,"0",-0.65,2.59
16,"B",7,"1",1.1,-1.68
16,"B",8,"-1",-1.32,-0.91
16,"B",9,"2",1.14,0.26
16,"B",10,"2",0.48,3.48
16,"B",11,"2",2.61,0.44
16,"B",12,"1",-0.98,-0.26
16,"B",13,"0",0.39,-2.52
16,"B",14,"0",-0.69,1.94
16,"B",15,"1",0.15,3.63
16,"B",16,"1",0.58,0.5
16,"B",17,"2",2.43,-0.46
16,"B",18,"1",0.24,-0.02
16,"B",19,"2",3.14,0.38
16,"B",20,"2",0.43,2.14
16,"B",21,"2",1.11,-0.45
16,"B",22,"2",1.65,2.75
16,"B",23,"1",0.41,3.11
16,"B",24,"2",0.25,1.66
16,"B",25,"1",-0.44,-1.83
16,"B",26,"1",0.13,-0.43
16,"B",27,"2",0.99,-0.15
16,"B",28,"1",0.79,-1.58
16,"B",29,"2",4.49,0.48
16,"B",30,"2",0.06,3.87
16,"B",31,"2",1.29,-4
16,"B",32,"1",0.65,-1.45
16,"B",33,"1",-0.09,-1.33
16,"B",34,"1",0.45,-2.88
16,"B",35,"0",-0.36,0.82
16,"B",36,"1",0.65,-4.3
16,"B",37,"-1",-1.01,0.51
16,"B",38,"2",0.96,3.45
16,"B",39,"0",-0.4,-0.01
16,"B",40,"2",0.8,-0.22
16,"B",41,"2",1.91,-1.43
16,"B",42,"1",-0.08,-1.49
16,"B",43,"2",1.54,0.31
16,"B",44,"2",1.2,-0.86
16,"B",45,"1",-0.84,-0.89
16,"B",46,"1",0.99,-0.22
16,"B",47,"0",-0.5,1.07
16,"B",48,"2",0.96,3.02
16,"B",49,"2",0.78,4.92
16,"B",50,"0",0.17,-2.51
16,"B",51,"2",1.5,0.38
16,"B",52,"2",1.32,-0.62
16,"B",53,"2",0.24,4.95
16,"B",54,"2",0.83,0.88
16,"B",55,"1",0.45,0.04
16,"B",56,"0",-0.26,-4.64
16,"B",57,"2",0.78,-0.49
16,"B",58,"-1",-1.02,-3.57
16,"B",59,"1",0.33,-1.28
16,"B",60,"0",-0.74,1.49
17,"B",1,"1",1.52,-1.03
17,"B",2,"2",-0.66,4.26
17,"B",3,"-1",0.31,-2.57
17,"B",4,"-1",0.41,-1.47
17,"B",5,"2",0.52,0.97
17,"B",6,"2",-0.65,2.59
17,"B",7,"0",1.1,-1.68
17,"B",8,"-1",-1.32,-0.91
17,"B",9,"2",1.14,0.26
17,"B",10,"2",0.48,3.48
17,"B",11,"2",2.61,0.44
17,"B",12,"-1",-0.98,-0.26
17,"B",13,"-1",0.39,-2.52
17,"B",14,"2",-0.69,1.94
17,"B",15,"2",0.15,3.63
17,"B",16,"2",0.58,0.5
17,"B",17,"2",2.43,-0.46
17,"B",18,"1",0.24,-0.02
17,"B",19,"2",3.14,0.38
17,"B",20,"2",0.43,2.14
17,"B",21,"2",1.11,-0.45
17,"B",22,"2",1.65,2.75
17,"B",23,"2",0.41,3.11
17,"B",24,"2",0.25,1.66
17,"B",25,"-1",-0.44,-1.83
17,"B",26,"0",0.13,-0.43
17,"B",27,"2",0.99,-0.15
17,"B",28,"0",0.79,-1.58
17,"B",29,"2",4.49,0.48
17,"B",30,"2",0.06,3.87
17,"B",31,"-2",1.29,-4
17,"B",32,"0",0.65,-1.45
17,"B",33,"0",-0.09,-1.33
17,"B",34,"-2",0.45,-2.88
17,"B",35,"1",-0.36,0.82
17,"B",36,"-2",0.65,-4.3
17,"B",37,"0",-1.01,0.51
17,"B",38,"2",0.96,3.45
17,"B",39,"0",-0.4,-0.01
17,"B",40,"2",0.8,-0.22
17,"B",41,"2",1.91,-1.43
17,"B",42,"-1",-0.08,-1.49
17,"B",43,"2",1.54,0.31
17,"B",44,"1",1.2,-0.86
17,"B",45,"0",-0.84,-0.89
17,"B",46,"2",0.99,-0.22
17,"B",47,"1",-0.5,1.07
17,"B",48,"2",0.96,3.02
17,"B",49,"2",0.78,4.92
17,"B",50,"-1",0.17,-2.51
17,"B",51,"2",1.5,0.38
17,"B",52,"2",1.32,-0.62
17,"B",53,"2",0.24,4.95
17,"B",54,"2",0.83,0.88
17,"B",55,"2",0.45,0.04
17,"B",56,"-2",-0.26,-4.64
17,"B",57,"1",0.78,-0.49
17,"B",58,"-2",-1.02,-3.57
17,"B",59,"0",0.33,-1.28
17,"B",60,"2",-0.74,1.49
18,"B",1,"2",1.52,-1.03
18,"B",2,"0",-0.66,4.26
18,"B",3,"1",0.31,-2.57
18,"B",4,"1",0.41,-1.47
18,"B",5,"2",0.52,0.97
18,"B",6,"0",-0.65,2.59
18,"B",7,"2",1.1,-1.68
18,"B",8,"-1",-1.32,-0.91
18,"B",9,"2",1.14,0.26
18,"B",10,"2",0.48,3.48
18,"B",11,"2",2.61,0.44
18,"B",12,"0",-0.98,-0.26
18,"B",13,"1",0.39,-2.52
18,"B",14,"1",-0.69,1.94
18,"B",15,"1",0.15,3.63
18,"B",16,"2",0.58,0.5
18,"B",17,"2",2.43,-0.46
18,"B",18,"2",0.24,-0.02
18,"B",19,"2",3.14,0.38
18,"B",20,"1",0.43,2.14
18,"B",21,"2",1.11,-0.45
18,"B",22,"2",1.65,2.75
18,"B",23,"1",0.41,3.11
18,"B",24,"2",0.25,1.66
18,"B",25,"0",-0.44,-1.83
18,"B",26,"1",0.13,-0.43
18,"B",27,"2",0.99,-0.15
18,"B",28,"1",0.79,-1.58
18,"B",29,"2",4.49,0.48
18,"B",30,"1",0.06,3.87
18,"B",31,"2",1.29,-4
18,"B",32,"1",0.65,-1.45
18,"B",33,"0",-0.09,-1.33
18,"B",34,"1",0.45,-2.88
18,"B",35,"-1",-0.36,0.82
18,"B",36,"1",0.65,-4.3
18,"B",37,"0",-1.01,0.51
18,"B",38,"2",0.96,3.45
18,"B",39,"0",-0.4,-0.01
18,"B",40,"1",0.8,-0.22
18,"B",41,"2",1.91,-1.43
18,"B",42,"0",-0.08,-1.49
18,"B",43,"2",1.54,0.31
18,"B",44,"2",1.2,-0.86
18,"B",45,"1",-0.84,-0.89
18,"B",46,"2",0.99,-0.22
18,"B",47,"0",-0.5,1.07
18,"B",48,"2",0.96,3.02
18,"B",49,"1",0.78,4.92
18,"B",50,"0",0.17,-2.51
18,"B",51,"2",1.5,0.38
18,"B",52,"2",1.32,-0.62
18,"B",53,"2",0.24,4.95
18,"B",54,"2",0.83,0.88
18,"B",55,"1",0.45,0.04
18,"B",56,"0",-0.26,-4.64
18,"B",57,"1",0.78,-0.49
18,"B",58,"-1",-1.02,-3.57
18,"B",59,"1",0.33,-1.28
18,"B",60,"0",-0.74,1.49
19,"B",1,"1",1.52,-1.03
19,"B",2,"2",-0.66,4.26
19,"B",3,"-1",0.31,-2.57
19,"B",4,"0",0.41,-1.47
19,"B",5,"1",0.52,0.97
19,"B",6,"2",-0.65,2.59
19,"B",7,"1",1.1,-1.68
19,"B",8,"-2",-1.32,-0.91
19,"B",9,"2",1.14,0.26
19,"B",10,"2",0.48,3.48
19,"B",11,"2",2.61,0.44
19,"B",12,"0",-0.98,-0.26
19,"B",13,"-1",0.39,-2.52
19,"B",14,"1",-0.69,1.94
19,"B",15,"2",0.15,3.63
19,"B",16,"2",0.58,0.5
19,"B",17,"2",2.43,-0.46
19,"B",18,"1",0.24,-0.02
19,"B",19,"2",3.14,0.38
19,"B",20,"2",0.43,2.14
19,"B",21,"2",1.11,-0.45
19,"B",22,"2",1.65,2.75
19,"B",23,"2",0.41,3.11
19,"B",24,"1",0.25,1.66
19,"B",25,"-1",-0.44,-1.83
19,"B",26,"1",0.13,-0.43
19,"B",27,"1",0.99,-0.15
19,"B",28,"0",0.79,-1.58
19,"B",29,"2",4.49,0.48
19,"B",30,"2",0.06,3.87
19,"B",31,"-2",1.29,-4
19,"B",32,"0",0.65,-1.45
19,"B",33,"-1",-0.09,-1.33
19,"B",34,"-2",0.45,-2.88
19,"B",35,"1",-0.36,0.82
19,"B",36,"-2",0.65,-4.3
19,"B",37,"0",-1.01,0.51
19,"B",38,"2",0.96,3.45
19,"B",39,"1",-0.4,-0.01
19,"B",40,"2",0.8,-0.22
19,"B",41,"1",1.91,-1.43
19,"B",42,"0",-0.08,-1.49
19,"B",43,"2",1.54,0.31
19,"B",44,"1",1.2,-0.86
19,"B",45,"-1",-0.84,-0.89
19,"B",46,"1",0.99,-0.22
19,"B",47,"0",-0.5,1.07
19,"B",48,"2",0.96,3.02
19,"B",49,"2",0.78,4.92
19,"B",50,"-1",0.17,-2.51
19,"B",51,"2",1.5,0.38
19,"B",52,"1",1.32,-0.62
19,"B",53,"2",0.24,4.95
19,"B",54,"2",0.83,0.88
19,"B",55,"1",0.45,0.04
19,"B",56,"-2",-0.26,-4.64
19,"B",57,"1",0.78,-0.49
19,"B",58,"-2",-1.02,-3.57
19,"B",59,"0",0.33,-1.28
19,"B",60,"1",-0.74,1.49
20,"B",1,"2",1.52,-1.03
20,"B",2,"1",-0.66,4.26
20,"B",3,"1",0.31,-2.57
20,"B",4,"1",0.41,-1.47
20,"B",5,"2",0.52,0.97
20,"B",6,"0",-0.65,2.59
20,"B",7,"2",1.1,-1.68
20,"B",8,"-1",-1.32,-0.91
20,"B",9,"2",1.14,0.26
20,"B",10,"1",0.48,3.48
20,"B",11,"2",2.61,0.44
20,"B",12,"1",-0.98,-0.26
20,"B",13,"0",0.39,-2.52
20,"B",14,"1",-0.69,1.94
20,"B",15,"1",0.15,3.63
20,"B",16,"1",0.58,0.5
20,"B",17,"2",2.43,-0.46
20,"B",18,"1",0.24,-0.02
20,"B",19,"2",3.14,0.38
20,"B",20,"1",0.43,2.14
20,"B",21,"2",1.11,-0.45
20,"B",22,"2",1.65,2.75
20,"B",23,"2",0.41,3.11
20,"B",24,"0",0.25,1.66
20,"B",25,"1",-0.44,-1.83
20,"B",26,"1",0.13,-0.43
20,"B",27,"2",0.99,-0.15
20,"B",28,"1",0.79,-1.58
20,"B",29,"2",4.49,0.48
20,"B",30,"2",0.06,3.87
20,"B",31,"2",1.29,-4
20,"B",32,"0",0.65,-1.45
20,"B",33,"1",-0.09,-1.33
20,"B",34,"2",0.45,-2.88
20,"B",35,"1",-0.36,0.82
20,"B",36,"0",0.65,-4.3
20,"B",37,"0",-1.01,0.51
20,"B",38,"2",0.96,3.45
20,"B",39,"0",-0.4,-0.01
20,"B",40,"2",0.8,-0.22
20,"B",41,"2",1.91,-1.43
20,"B",42,"0",-0.08,-1.49
20,"B",43,"2",1.54,0.31
20,"B",44,"2",1.2,-0.86
20,"B",45,"0",-0.84,-0.89
20,"B",46,"2",0.99,-0.22
20,"B",47,"1",-0.5,1.07
20,"B",48,"2",0.96,3.02
20,"B",49,"2",0.78,4.92
20,"B",50,"0",0.17,-2.51
20,"B",51,"2",1.5,0.38
20,"B",52,"2",1.32,-0.62
20,"B",53,"2",0.24,4.95
20,"B",54,"1",0.83,0.88
20,"B",55,"2",0.45,0.04
20,"B",56,"1",-0.26,-4.64
20,"B",57,"2",0.78,-0.49
20,"B",58,"-1",-1.02,-3.57
20,"B",59,"2",0.33,-1.28
20,"B",60,"1",-0.74,1.49
